,Index,Mean,Median,Min,Max,Area,Image,Slide,Channel
0,1,322.405834914611,317.0,213,749,538239.0,data/m1A_CFP.tif,m1A,CFP
1,2,309.8154885654886,287.0,207,811,486942.0,data/m1A_CFP.tif,m1A,CFP
2,3,219.79189765458423,215.0,148,498,682658.0,data/m1A_CFP.tif,m1A,CFP
3,4,205.2469135802469,195.0,132,672,1444395.0,data/m1A_CFP.tif,m1A,CFP
4,5,294.5958041958042,282.0,200,701,571272.5,data/m1A_CFP.tif,m1A,CFP
5,6,294.99253012048194,281.0,207,708,610519.0,data/m1A_CFP.tif,m1A,CFP
6,7,381.99858677218765,368.0,260,886,480091.5,data/m1A_CFP.tif,m1A,CFP
7,8,295.31445192896507,289.0,203,766,447591.0,data/m1A_CFP.tif,m1A,CFP
8,9,222.7391998036328,209.0,109,869,1013551.5,data/m1A_CFP.tif,m1A,CFP
9,10,236.3514594162335,213.0,155,727,312888.0,data/m1A_CFP.tif,m1A,CFP
10,11,199.52640692640693,193.0,141,401,534324.5,data/m1A_CFP.tif,m1A,CFP
11,12,252.19901477832514,234.0,136,763,714574.5,data/m1A_CFP.tif,m1A,CFP
12,13,254.32089552238807,238.0,172,795,562129.0,data/m1A_CFP.tif,m1A,CFP
13,14,243.96693657219973,238.0,145,592,374118.5,data/m1A_CFP.tif,m1A,CFP
14,15,238.84255639097745,238.0,148,485,900785.5,data/m1A_CFP.tif,m1A,CFP
15,16,265.66020499108737,255.0,166,633,548654.5,data/m1A_CFP.tif,m1A,CFP
16,17,293.6517857142857,277.0,185,689,329737.5,data/m1A_CFP.tif,m1A,CFP
17,18,261.42659279778394,247.0,158,692,405199.0,data/m1A_CFP.tif,m1A,CFP
18,19,224.7025353773585,220.0,149,572,370655.5,data/m1A_CFP.tif,m1A,CFP
19,20,287.5227987421384,266.0,170,796,516850.5,data/m1A_CFP.tif,m1A,CFP
20,21,237.3403846153846,228.0,156,514,632762.0,data/m1A_CFP.tif,m1A,CFP
21,22,234.89201732673268,231.0,145,634,803254.0,data/m1A_CFP.tif,m1A,CFP
22,23,279.0303825956489,265.0,184,723,308628.0,data/m1A_CFP.tif,m1A,CFP
23,24,254.04868421052632,234.0,174,647,444563.0,data/m1A_CFP.tif,m1A,CFP
24,25,244.43323863636363,233.0,155,757,438662.0,data/m1A_CFP.tif,m1A,CFP
25,26,242.1020066889632,235.0,165,478,414434.0,data/m1A_CFP.tif,m1A,CFP
26,27,271.95018773466836,258.0,146,818,575006.5,data/m1A_CFP.tif,m1A,CFP
27,28,236.88813164893617,231.0,131,678,792513.0,data/m1A_CFP.tif,m1A,CFP
28,29,239.69566993464053,235.0,161,424,659792.0,data/m1A_CFP.tif,m1A,CFP
29,30,262.40942302847066,252.0,165,561,504799.0,data/m1A_CFP.tif,m1A,CFP
30,31,241.10112079701122,229.0,170,542,524588.0,data/m1A_CFP.tif,m1A,CFP
31,32,267.87714285714287,261.0,171,481,540017.0,data/m1A_CFP.tif,m1A,CFP
32,33,241.57017193122752,229.0,163,505,289450.5,data/m1A_CFP.tif,m1A,CFP
33,34,269.32067998019477,247.0,165,886,769139.5,data/m1A_CFP.tif,m1A,CFP
34,35,280.24463276836156,264.0,183,736,446233.0,data/m1A_CFP.tif,m1A,CFP
35,36,276.9690476190476,259.0,182,846,588693.0,data/m1A_CFP.tif,m1A,CFP
36,37,282.6393921683226,265.0,164,970,441048.5,data/m1A_CFP.tif,m1A,CFP
37,38,247.90894236482472,241.0,176,514,983563.0,data/m1A_CFP.tif,m1A,CFP
38,39,314.6069444444444,300.0,216,648,459709.0,data/m1A_CFP.tif,m1A,CFP
39,40,292.44189828503846,275.0,191,1008,917899.0,data/m1A_CFP.tif,m1A,CFP
40,41,257.5937948350072,253.0,157,645,703924.5,data/m1A_CFP.tif,m1A,CFP
41,42,263.4912891986063,252.0,179,676,336469.5,data/m1A_CFP.tif,m1A,CFP
42,43,276.20785149117467,260.5,179,786,458282.5,data/m1A_CFP.tif,m1A,CFP
43,44,268.93419913419916,254.0,162,969,484154.0,data/m1A_CFP.tif,m1A,CFP
44,45,295.2613705275925,285.0,190,824,595793.0,data/m1A_CFP.tif,m1A,CFP
45,46,285.73780864197533,276.0,191,642,950604.0,data/m1A_CFP.tif,m1A,CFP
46,47,298.8473011363636,286.0,207,552,388575.5,data/m1A_CFP.tif,m1A,CFP
47,48,280.9894467540774,262.0,190,606,414079.0,data/m1A_CFP.tif,m1A,CFP
48,49,310.1811868686869,301.0,194,664,439351.5,data/m1A_CFP.tif,m1A,CFP
49,50,237.70038826574634,235.0,160,452,536661.5,data/m1A_CFP.tif,m1A,CFP
50,51,224.32534246575344,220.0,147,482,580455.0,data/m1A_CFP.tif,m1A,CFP
51,52,206.45264241592312,197.0,134,608,1110425.0,data/m1A_CFP.tif,m1A,CFP
52,53,244.6495157384988,201.0,139,1153,756561.0,data/m1A_CFP.tif,m1A,CFP
53,54,214.61657334826427,212.0,157,341,1288492.5,data/m1A_CFP.tif,m1A,CFP
54,55,236.7650462962963,232.0,165,464,630450.5,data/m1A_CFP.tif,m1A,CFP
55,56,238.2065934065934,226.0,147,554,411020.5,data/m1A_CFP.tif,m1A,CFP
56,57,252.3163214990138,239.0,146,1048,387804.0,data/m1A_CFP.tif,m1A,CFP
57,58,228.70371352785145,225.0,155,349,496429.5,data/m1A_CFP.tif,m1A,CFP
58,59,263.63412778904666,249.0,189,514,454722.5,data/m1A_CFP.tif,m1A,CFP
59,60,268.6356043956044,248.0,199,509,287055.5,data/m1A_CFP.tif,m1A,CFP
60,61,296.9753846153846,290.0,218,602,574187.0,data/m1A_CFP.tif,m1A,CFP
61,62,308.43753827311696,306.0,219,485,468481.0,data/m1A_CFP.tif,m1A,CFP
62,63,287.34587861118473,282.0,208,518,508563.0,data/m1A_CFP.tif,m1A,CFP
63,64,256.2805523590334,246.0,181,742,580664.0,data/m1A_CFP.tif,m1A,CFP
64,65,296.6309523809524,274.0,174,1037,419093.0,data/m1A_CFP.tif,m1A,CFP
65,66,250.21822774970852,243.0,166,697,692881.5,data/m1A_CFP.tif,m1A,CFP
66,67,289.80512129380054,266.0,189,1180,490895.5,data/m1A_CFP.tif,m1A,CFP
67,68,287.6687066503468,269.0,192,726,623984.5,data/m1A_CFP.tif,m1A,CFP
68,69,259.8251054852321,247.0,167,649,529799.5,data/m1A_CFP.tif,m1A,CFP
69,70,257.22646604938274,241.0,170,816,1133456.0,data/m1A_CFP.tif,m1A,CFP
70,71,258.82294285235463,247.0,151,1009,1601071.0,data/m1A_CFP.tif,m1A,CFP
71,72,271.3192389006343,247.0,181,820,347253.5,data/m1A_CFP.tif,m1A,CFP
72,73,270.90459770114944,250.0,177,636,599817.0,data/m1A_CFP.tif,m1A,CFP
73,74,230.565,206.0,152,499,339541.0,data/m1A_CFP.tif,m1A,CFP
74,75,300.0316239316239,265.0,200,884,306052.0,data/m1A_CFP.tif,m1A,CFP
75,76,211.0142857142857,204.0,150,384,341694.0,data/m1A_CFP.tif,m1A,CFP
76,77,246.82757496740547,240.0,178,502,428597.0,data/m1A_CFP.tif,m1A,CFP
77,78,202.5437139561707,199.0,142,413,669590.5,data/m1A_CFP.tif,m1A,CFP
78,79,392.19595295745415,383.0,289,1129,769421.0,data/m1A_CFP.tif,m1A,CFP
79,80,244.39905956112852,237.0,160,634,409775.0,data/m1A_CFP.tif,m1A,CFP
80,81,246.61611519607843,246.0,168,359,422870.0,data/m1A_CFP.tif,m1A,CFP
81,82,270.48297147722434,258.0,160,669,523363.5,data/m1A_CFP.tif,m1A,CFP
82,83,211.61536691971475,201.0,135,825,505929.5,data/m1A_CFP.tif,m1A,CFP
83,84,284.411,265.0,183,898,772013.0,data/m1A_CFP.tif,m1A,CFP
84,85,288.4069498069498,264.0,190,942,892496.5,data/m1A_CFP.tif,m1A,CFP
85,86,348.87856003645476,319.0,234,1531,525195.5,data/m1A_CFP.tif,m1A,CFP
86,87,350.36259676284305,333.0,246,1067,831937.5,data/m1A_CFP.tif,m1A,CFP
87,88,306.5023352361183,274.0,191,1059,518497.0,data/m1A_CFP.tif,m1A,CFP
88,89,213.63510572139305,208.0,151,396,736544.5,data/m1A_CFP.tif,m1A,CFP
89,90,225.3879612451041,209.0,155,727,715798.5,data/m1A_CFP.tif,m1A,CFP
90,91,241.33837535014007,229.0,174,720,764624.0,data/m1A_CFP.tif,m1A,CFP
91,92,312.9787866772403,288.0,193,839,1170119.5,data/m1A_CFP.tif,m1A,CFP
92,93,274.28036556603774,272.0,180,467,369113.0,data/m1A_CFP.tif,m1A,CFP
93,94,295.4995711099674,278.0,197,954,699116.5,data/m1A_CFP.tif,m1A,CFP
94,95,309.35370370370373,281.5,202,720,338650.5,data/m1A_CFP.tif,m1A,CFP
95,96,333.0395622895623,305.0,226,989,321343.5,data/m1A_CFP.tif,m1A,CFP
96,97,263.37640232108316,251.0,180,490,366751.0,data/m1A_CFP.tif,m1A,CFP
97,98,319.5023649980292,300.0,206,1260,603294.5,data/m1A_CFP.tif,m1A,CFP
98,99,335.1876159554731,325.0,209,1088,434140.5,data/m1A_CFP.tif,m1A,CFP
99,100,281.30725863284005,272.0,182,996,376105.0,data/m1A_CFP.tif,m1A,CFP
100,101,386.8477366255144,356.0,252,1096,301517.5,data/m1A_CFP.tif,m1A,CFP
101,102,317.2766225582861,293.0,197,980,462978.0,data/m1A_CFP.tif,m1A,CFP
102,103,234.91743421052632,230.0,147,433,347203.0,data/m1A_CFP.tif,m1A,CFP
103,104,249.60326086956522,241.0,153,646,725067.0,data/m1A_CFP.tif,m1A,CFP
104,105,249.47929824561405,241.0,170,476,571799.0,data/m1A_CFP.tif,m1A,CFP
105,106,276.78615136876004,256.0,178,896,415788.0,data/m1A_CFP.tif,m1A,CFP
106,107,292.9247239879558,278.0,176,773,352311.5,data/m1A_CFP.tif,m1A,CFP
107,108,260.27868852459017,246.0,187,448,309077.5,data/m1A_CFP.tif,m1A,CFP
108,109,241.836181640625,232.0,163,861,538254.5,data/m1A_CFP.tif,m1A,CFP
109,110,239.77377049180328,224.0,137,549,487227.0,data/m1A_CFP.tif,m1A,CFP
110,111,267.0473251028807,243.0,143,1036,621854.0,data/m1A_CFP.tif,m1A,CFP
111,112,269.690946930281,243.0,157,1038,811754.5,data/m1A_CFP.tif,m1A,CFP
112,113,221.72974137931035,213.0,151,447,626452.0,data/m1A_CFP.tif,m1A,CFP
113,114,275.4610557401255,259.0,194,766,357274.0,data/m1A_CFP.tif,m1A,CFP
114,115,228.87932389937106,217.0,170,514,317362.5,data/m1A_CFP.tif,m1A,CFP
115,116,325.30397912589694,308.0,219,1326,595336.0,data/m1A_CFP.tif,m1A,CFP
116,117,216.7807917888563,211.0,126,551,536022.0,data/m1A_CFP.tif,m1A,CFP
117,118,265.56365232660227,255.0,150,631,441926.5,data/m1A_CFP.tif,m1A,CFP
118,119,257.0776515151515,244.0,150,804,698576.0,data/m1A_CFP.tif,m1A,CFP
119,120,193.12160344363735,191.0,141,277,535906.0,data/m1A_CFP.tif,m1A,CFP
120,121,244.65215773809524,234.0,151,486,327771.5,data/m1A_CFP.tif,m1A,CFP
121,122,282.6767164179104,274.0,156,708,353584.5,data/m1A_CFP.tif,m1A,CFP
122,123,344.1784289925438,339.0,249,889,669331.5,data/m1A_CFP.tif,m1A,CFP
123,124,270.91682785299804,264.0,167,575,374886.5,data/m1A_CFP.tif,m1A,CFP
124,125,221.04665071770336,214.0,157,417,339412.0,data/m1A_CFP.tif,m1A,CFP
125,126,189.90763183753685,187.0,136,335,743739.5,data/m1A_CFP.tif,m1A,CFP
126,127,246.67859686609685,229.0,163,948,824856.5,data/m1A_CFP.tif,m1A,CFP
127,128,244.94405976676384,229.0,148,787,651284.5,data/m1A_CFP.tif,m1A,CFP
128,129,256.8957811194653,239.0,161,872,672071.0,data/m1A_CFP.tif,m1A,CFP
129,130,264.68560289612924,242.0,153,793,447234.5,data/m1A_CFP.tif,m1A,CFP
130,131,224.98560393258427,205.0,148,410,354199.5,data/m1A_CFP.tif,m1A,CFP
131,132,232.34212178279975,227.0,157,566,769346.5,data/m1A_CFP.tif,m1A,CFP
132,133,226.39522946859904,225.0,158,376,481580.5,data/m1A_CFP.tif,m1A,CFP
133,134,261.9532258064516,240.0,176,774,535203.0,data/m1A_CFP.tif,m1A,CFP
134,135,235.0174625801853,222.0,152,535,380595.0,data/m1A_CFP.tif,m1A,CFP
135,136,226.44724825763038,224.0,164,432,525549.0,data/m1A_CFP.tif,m1A,CFP
136,137,284.7824074074074,278.0,172,610,369319.0,data/m1A_CFP.tif,m1A,CFP
137,138,266.48557993730407,256.0,182,633,450050.5,data/m1A_CFP.tif,m1A,CFP
138,139,270.14323607427053,254.0,185,729,497564.0,data/m1A_CFP.tif,m1A,CFP
139,140,277.0304347826087,263.0,187,644,339244.0,data/m1A_CFP.tif,m1A,CFP
140,141,207.10029585798816,205.0,130,319,475710.5,data/m1A_CFP.tif,m1A,CFP
141,142,272.07894736842104,253.0,174,533,295077.0,data/m1A_CFP.tif,m1A,CFP
142,143,253.53191489361703,245.0,157,683,568054.0,data/m1A_CFP.tif,m1A,CFP
143,144,255.81718789727944,239.0,157,818,549096.5,data/m1A_CFP.tif,m1A,CFP
144,145,236.52464788732394,228.0,162,541,589220.5,data/m1A_CFP.tif,m1A,CFP
145,146,305.0310581437342,284.0,157,963,350786.5,data/m1A_CFP.tif,m1A,CFP
146,147,242.29920708955223,235.0,157,457,436253.0,data/m1A_CFP.tif,m1A,CFP
147,148,310.1250463821892,297.0,199,822,312432.5,data/m1A_CFP.tif,m1A,CFP
148,149,312.4639724310777,287.0,202,800,455130.5,data/m1A_CFP.tif,m1A,CFP
149,150,245.3011574074074,233.0,163,701,545225.5,data/m1A_CFP.tif,m1A,CFP
150,151,287.2951710905021,282.0,181,431,381577.0,data/m1A_CFP.tif,m1A,CFP
151,152,244.02422593600207,238.0,158,556,774708.0,data/m1A_CFP.tif,m1A,CFP
152,153,243.45138888888889,238.0,177,495,455338.5,data/m1A_CFP.tif,m1A,CFP
153,154,248.75205030071078,248.0,167,781,406419.5,data/m1A_CFP.tif,m1A,CFP
154,155,245.77927120669057,241.0,164,602,879615.5,data/m1A_CFP.tif,m1A,CFP
155,156,222.47531270572745,218.0,146,537,402395.0,data/m1A_CFP.tif,m1A,CFP
156,157,210.0867132867133,206.0,139,445,670954.0,data/m1A_CFP.tif,m1A,CFP
157,158,242.29248623131392,238.0,150,430,631600.0,data/m1A_CFP.tif,m1A,CFP
158,159,272.3718832891247,253.0,170,789,466074.5,data/m1A_CFP.tif,m1A,CFP
159,160,270.155421686747,255.0,170,718,858331.0,data/m1A_CFP.tif,m1A,CFP
160,161,290.605234928127,275.0,186,767,596602.0,data/m1A_CFP.tif,m1A,CFP
161,162,305.0074380165289,278.0,183,1117,292861.0,data/m1A_CFP.tif,m1A,CFP
162,163,250.49944506104328,230.0,163,757,349777.5,data/m1A_CFP.tif,m1A,CFP
163,164,216.1670588235294,201.0,140,642,496031.0,data/m1A_CFP.tif,m1A,CFP
164,165,297.96315789473687,273.0,162,985,381277.0,data/m1A_CFP.tif,m1A,CFP
165,166,259.84276729559747,249.0,166,558,507588.0,data/m1A_CFP.tif,m1A,CFP
166,167,263.68533333333335,253.0,170,530,626015.0,data/m1A_CFP.tif,m1A,CFP
167,168,224.14523237179486,217.0,130,584,691330.5,data/m1A_CFP.tif,m1A,CFP
168,169,293.08343337334935,284.0,181,576,429893.0,data/m1A_CFP.tif,m1A,CFP
169,170,238.984375,229.0,143,682,415807.0,data/m1A_CFP.tif,m1A,CFP
170,171,201.18183640737772,194.0,150,478,701208.5,data/m1A_CFP.tif,m1A,CFP
171,172,245.66760168302946,240.0,177,482,570052.0,data/m1A_CFP.tif,m1A,CFP
172,173,261.3587570621469,250.0,163,693,499419.5,data/m1A_CFP.tif,m1A,CFP
173,174,264.406543125143,248.0,156,837,450328.0,data/m1A_CFP.tif,m1A,CFP
174,175,246.5952690715553,237.0,159,697,1061037.5,data/m1A_CFP.tif,m1A,CFP
175,176,245.38876365528003,235.0,168,572,800699.0,data/m1A_CFP.tif,m1A,CFP
176,177,272.659632034632,256.0,172,642,698578.5,data/m1A_CFP.tif,m1A,CFP
177,178,287.394783377542,271.0,149,650,301619.5,data/m1A_CFP.tif,m1A,CFP
178,179,261.8561688311688,252.0,161,499,403084.5,data/m1A_CFP.tif,m1A,CFP
179,180,277.1091617933723,264.0,178,548,323603.0,data/m1A_CFP.tif,m1A,CFP
180,181,309.0682456468826,275.0,179,1359,1068812.0,data/m1A_CFP.tif,m1A,CFP
181,182,228.2316715542522,207.0,128,608,532590.0,data/m1A_CFP.tif,m1A,CFP
182,183,231.97286879169755,217.0,142,740,930338.0,data/m1A_CFP.tif,m1A,CFP
183,184,270.04707477721814,262.0,173,597,691861.0,data/m1A_CFP.tif,m1A,CFP
184,185,236.36740906905945,233.0,157,395,809020.0,data/m1A_CFP.tif,m1A,CFP
185,186,240.55831265508684,234.0,158,642,781237.0,data/m1A_CFP.tif,m1A,CFP
186,187,255.145625912651,241.0,149,772,1102975.0,data/m1A_CFP.tif,m1A,CFP
187,188,231.42745617911328,192.0,145,662,850831.5,data/m1A_CFP.tif,m1A,CFP
188,189,263.91978429389957,256.0,160,482,386515.0,data/m1A_CFP.tif,m1A,CFP
189,190,246.27297056199822,238.0,159,533,478034.5,data/m1A_CFP.tif,m1A,CFP
190,191,261.1504887091338,244.0,157,1149,689984.0,data/m1A_CFP.tif,m1A,CFP
191,192,247.3496368038741,238.0,155,576,462477.5,data/m1A_CFP.tif,m1A,CFP
192,193,297.5086956521739,274.0,189,1318,857839.5,data/m1A_CFP.tif,m1A,CFP
193,194,331.3318724129535,317.0,198,1062,987402.0,data/m1A_CFP.tif,m1A,CFP
194,195,347.0445833333333,323.0,227,991,466469.0,data/m1A_CFP.tif,m1A,CFP
195,196,322.35345997286294,297.0,209,1083,344329.5,data/m1A_CFP.tif,m1A,CFP
196,197,220.90942928039703,215.0,153,519,522517.0,data/m1A_CFP.tif,m1A,CFP
197,198,221.1715811965812,211.0,147,590,606221.0,data/m1A_CFP.tif,m1A,CFP
198,199,201.45824175824177,198.0,142,310,737887.5,data/m1A_CFP.tif,m1A,CFP
199,200,320.2892605633803,288.0,215,1019,729467.0,data/m1A_CFP.tif,m1A,CFP
200,201,279.8786860768944,276.0,166,517,665841.0,data/m1A_CFP.tif,m1A,CFP
201,202,274.47489823609226,257.0,168,700,495965.5,data/m1A_CFP.tif,m1A,CFP
202,203,264.16866987179486,251.0,190,550,337688.5,data/m1A_CFP.tif,m1A,CFP
203,204,281.4814366424536,273.0,191,519,717938.0,data/m1A_CFP.tif,m1A,CFP
204,205,268.5021939447126,247.0,167,1180,592701.0,data/m1A_CFP.tif,m1A,CFP
205,206,257.3080155138979,242.0,167,776,800434.0,data/m1A_CFP.tif,m1A,CFP
206,207,299.9351598173516,272.0,191,1451,559188.5,data/m1A_CFP.tif,m1A,CFP
207,208,316.69741379310346,285.0,203,1891,351022.5,data/m1A_CFP.tif,m1A,CFP
208,209,264.4399677679291,246.0,160,732,451445.0,data/m1A_CFP.tif,m1A,CFP
209,210,303.0,290.0,197,817,455524.0,data/m1A_CFP.tif,m1A,CFP
210,211,237.94713261648747,230.0,169,462,612443.0,data/m1A_CFP.tif,m1A,CFP
211,212,201.7874692874693,195.0,144,412,475663.0,data/m1A_CFP.tif,m1A,CFP
212,213,330.1295348837209,297.0,216,1090,552831.0,data/m1A_CFP.tif,m1A,CFP
213,214,292.3430799220273,271.0,177,1169,428128.0,data/m1A_CFP.tif,m1A,CFP
214,215,287.9709090909091,273.0,174,787,533254.0,data/m1A_CFP.tif,m1A,CFP
215,216,371.36409949056036,350.0,249,932,391067.0,data/m1A_CFP.tif,m1A,CFP
216,217,333.3480392156863,318.0,190,1095,606989.0,data/m1A_CFP.tif,m1A,CFP
217,218,198.39435736677115,195.0,153,322,426409.5,data/m1A_CFP.tif,m1A,CFP
218,219,241.7996089931574,233.0,168,446,561781.0,data/m1A_CFP.tif,m1A,CFP
219,220,181.2646122685185,172.0,128,434,792598.5,data/m1A_CFP.tif,m1A,CFP
220,221,272.55827702702703,251.0,184,555,453086.5,data/m1A_CFP.tif,m1A,CFP
221,222,269.93888888888887,258.0,165,591,369155.5,data/m1A_CFP.tif,m1A,CFP
222,223,248.59496388834668,233.0,150,801,1453122.0,data/m1A_CFP.tif,m1A,CFP
223,224,286.4001636661211,270.0,181,813,299943.5,data/m1A_CFP.tif,m1A,CFP
224,225,271.56839341131536,243.0,170,848,603736.5,data/m1A_CFP.tif,m1A,CFP
225,226,258.5147131349663,246.0,160,901,791618.0,data/m1A_CFP.tif,m1A,CFP
226,227,253.39223744292238,235.0,173,633,571843.0,data/m1A_CFP.tif,m1A,CFP
227,228,261.58775510204083,246.0,183,706,782740.0,data/m1A_CFP.tif,m1A,CFP
228,229,271.1322033898305,251.0,171,1014,332857.0,data/m1A_CFP.tif,m1A,CFP
229,230,243.11701556629092,237.0,162,564,472935.5,data/m1A_CFP.tif,m1A,CFP
230,231,268.6053463638977,263.0,185,541,402655.0,data/m1A_CFP.tif,m1A,CFP
231,232,299.90974025974026,268.0,167,1409,371789.0,data/m1A_CFP.tif,m1A,CFP
232,233,243.31989966555184,236.0,144,609,821088.5,data/m1A_CFP.tif,m1A,CFP
233,234,219.96259509721048,187.0,128,579,519724.0,data/m1A_CFP.tif,m1A,CFP
234,235,235.52348484848486,234.0,150,434,1009246.5,data/m1A_CFP.tif,m1A,CFP
235,236,216.00070175438597,210.0,163,455,577275.0,data/m1A_CFP.tif,m1A,CFP
236,237,223.36755485893417,218.0,158,435,358546.0,data/m1A_CFP.tif,m1A,CFP
237,238,204.8823649754501,201.0,152,302,747093.5,data/m1A_CFP.tif,m1A,CFP
238,239,229.7397674788979,221.0,141,485,752744.5,data/m1A_CFP.tif,m1A,CFP
239,240,249.1309262166405,231.0,188,707,439250.5,data/m1A_CFP.tif,m1A,CFP
240,241,235.02382925818483,225.0,153,708,1995802.0,data/m1A_CFP.tif,m1A,CFP
241,242,220.6443922701824,200.0,146,457,650805.5,data/m1A_CFP.tif,m1A,CFP
242,243,220.6840909090909,214.0,142,418,372188.0,data/m1A_CFP.tif,m1A,CFP
243,244,274.23959827833573,244.0,172,900,354391.0,data/m1A_CFP.tif,m1A,CFP
244,245,252.03711685823754,238.0,160,644,549454.5,data/m1A_CFP.tif,m1A,CFP
245,246,238.60697167755993,221.0,171,480,291318.0,data/m1A_CFP.tif,m1A,CFP
246,247,260.7549257759784,251.0,191,590,516492.0,data/m1A_CFP.tif,m1A,CFP
247,248,260.60450216450215,253.0,169,658,704313.5,data/m1A_CFP.tif,m1A,CFP
248,249,269.60857503152585,255.0,172,581,490670.0,data/m1A_CFP.tif,m1A,CFP
249,250,315.757913961039,290.0,197,871,597505.5,data/m1A_CFP.tif,m1A,CFP
250,251,288.04406823468594,268.0,180,864,953635.0,data/m1A_CFP.tif,m1A,CFP
251,252,293.40683726509394,279.0,197,808,676880.5,data/m1A_CFP.tif,m1A,CFP
252,253,334.27382680212867,315.0,238,758,287456.0,data/m1A_CFP.tif,m1A,CFP
253,254,331.81679035250465,308.0,238,825,297383.0,data/m1A_CFP.tif,m1A,CFP
254,255,293.4016634050881,278.0,192,670,575146.5,data/m1A_CFP.tif,m1A,CFP
255,256,237.02087912087913,229.0,168,421,370288.0,data/m1A_CFP.tif,m1A,CFP
256,257,240.33862433862433,237.0,150,712,658263.5,data/m1A_CFP.tif,m1A,CFP
257,258,240.07638888888889,230.0,141,688,590385.0,data/m1A_CFP.tif,m1A,CFP
258,259,223.33803921568628,218.0,153,469,631951.0,data/m1A_CFP.tif,m1A,CFP
259,260,247.74028822055138,242.0,188,465,454494.0,data/m1A_CFP.tif,m1A,CFP
260,261,256.78851836217814,244.0,171,836,684067.0,data/m1A_CFP.tif,m1A,CFP
261,262,234.06211296678552,223.0,147,652,469065.5,data/m1A_CFP.tif,m1A,CFP
262,263,299.4045192733717,282.0,193,880,622123.5,data/m1A_CFP.tif,m1A,CFP
263,264,301.42664632595984,268.0,190,788,480081.5,data/m1A_CFP.tif,m1A,CFP
264,265,285.86031664964247,266.0,186,588,526690.5,data/m1A_CFP.tif,m1A,CFP
265,266,322.02129817444217,306.0,196,1140,539744.5,data/m1A_CFP.tif,m1A,CFP
266,267,241.06994047619048,233.0,154,575,507834.5,data/m1A_CFP.tif,m1A,CFP
267,268,212.68736842105264,203.0,146,644,704196.5,data/m1A_CFP.tif,m1A,CFP
268,269,223.63856691253952,209.0,149,978,632955.5,data/m1A_CFP.tif,m1A,CFP
269,270,300.8448738593666,283.0,192,857,501397.0,data/m1A_CFP.tif,m1A,CFP
270,271,242.7849765258216,233.0,151,774,980491.0,data/m1A_CFP.tif,m1A,CFP
271,272,244.99932930918845,239.0,153,513,750577.0,data/m1A_CFP.tif,m1A,CFP
272,273,235.81244671781755,235.0,158,380,302090.5,data/m1A_CFP.tif,m1A,CFP
273,274,275.77427334570194,264.0,192,595,417567.5,data/m1A_CFP.tif,m1A,CFP
274,275,263.9602864583333,248.0,187,591,425365.0,data/m1A_CFP.tif,m1A,CFP
275,276,243.8529292929293,229.0,173,556,312807.0,data/m1A_CFP.tif,m1A,CFP
276,277,239.89072970960535,229.0,141,597,586415.0,data/m1A_CFP.tif,m1A,CFP
277,278,247.395843703335,237.0,160,584,1155454.0,data/m1A_CFP.tif,m1A,CFP
278,279,249.57903525046382,239.0,148,621,642578.5,data/m1A_CFP.tif,m1A,CFP
279,280,232.6801198801199,225.0,148,683,712402.5,data/m1A_CFP.tif,m1A,CFP
280,281,221.33001443001444,217.0,148,628,863561.0,data/m1A_CFP.tif,m1A,CFP
281,282,245.67603121516166,234.0,164,647,510427.5,data/m1A_CFP.tif,m1A,CFP
282,283,258.20585379386876,252.0,173,636,912569.0,data/m1A_CFP.tif,m1A,CFP
283,284,279.52029914529913,250.0,187,795,497382.5,data/m1A_CFP.tif,m1A,CFP
284,285,312.946709470305,293.0,175,939,685999.5,data/m1A_CFP.tif,m1A,CFP
285,286,284.9777126099707,261.0,163,785,441033.0,data/m1A_CFP.tif,m1A,CFP
286,287,263.38805078416726,243.0,164,743,893286.5,data/m1A_CFP.tif,m1A,CFP
287,288,286.1775147928994,273.0,176,728,343286.5,data/m1A_CFP.tif,m1A,CFP
288,289,280.0607196401799,265.0,189,770,378266.5,data/m1A_CFP.tif,m1A,CFP
289,290,245.26748971193416,237.0,157,1099,873519.0,data/m1A_CFP.tif,m1A,CFP
290,291,270.22748592870545,256.0,163,902,956524.0,data/m1A_CFP.tif,m1A,CFP
291,292,261.1510957324106,248.0,173,847,476682.5,data/m1A_CFP.tif,m1A,CFP
292,293,208.93513203214695,183.0,137,946,493828.5,data/m1A_CFP.tif,m1A,CFP
293,294,272.94774590163934,261.0,178,774,442746.5,data/m1A_CFP.tif,m1A,CFP
294,295,232.823097626621,229.0,161,411,556013.5,data/m1A_CFP.tif,m1A,CFP
295,296,231.5096618357488,226.0,159,688,609871.0,data/m1A_CFP.tif,m1A,CFP
296,297,332.6848484848485,315.0,185,762,400473.5,data/m1A_CFP.tif,m1A,CFP
297,298,298.64844177145983,280.0,178,1122,749418.0,data/m1A_CFP.tif,m1A,CFP
298,299,318.73072903057226,293.0,189,1610,979574.0,data/m1A_CFP.tif,m1A,CFP
299,300,292.61324954176484,269.0,182,1094,514871.5,data/m1A_CFP.tif,m1A,CFP
0,1,706.7120493358634,640.0,278,4058,538239.0,data/m1A_Alexa488.tif,m1A,Alexa488
1,2,747.5293659043659,668.0,352,3746,486942.0,data/m1A_Alexa488.tif,m1A,Alexa488
2,3,507.9085287846482,464.0,295,1137,682658.0,data/m1A_Alexa488.tif,m1A,Alexa488
3,4,486.763098464318,420.0,243,5124,1444395.0,data/m1A_Alexa488.tif,m1A,Alexa488
4,5,766.0662004662005,544.0,269,5551,571272.5,data/m1A_Alexa488.tif,m1A,Alexa488
5,6,608.5334939759036,552.0,312,1840,610519.0,data/m1A_Alexa488.tif,m1A,Alexa488
6,7,622.0904465799887,597.0,316,1220,480091.5,data/m1A_Alexa488.tif,m1A,Alexa488
7,8,723.7127985303123,627.0,248,4081,447591.0,data/m1A_Alexa488.tif,m1A,Alexa488
8,9,598.1081246931763,532.5,247,2631,1013551.5,data/m1A_Alexa488.tif,m1A,Alexa488
9,10,622.6625349860057,520.0,322,1360,312888.0,data/m1A_Alexa488.tif,m1A,Alexa488
10,11,334.2809523809524,312.0,230,715,534324.5,data/m1A_Alexa488.tif,m1A,Alexa488
11,12,634.4205254515599,561.0,265,2136,714574.5,data/m1A_Alexa488.tif,m1A,Alexa488
12,13,579.7856173677069,517.5,312,1980,562129.0,data/m1A_Alexa488.tif,m1A,Alexa488
13,14,649.3572874493927,533.0,267,2309,374118.5,data/m1A_Alexa488.tif,m1A,Alexa488
14,15,522.2136842105264,460.0,233,1380,900785.5,data/m1A_Alexa488.tif,m1A,Alexa488
15,16,777.885918003565,659.0,283,2256,548654.5,data/m1A_Alexa488.tif,m1A,Alexa488
16,17,728.1889880952381,670.0,360,2006,329737.5,data/m1A_Alexa488.tif,m1A,Alexa488
17,18,920.9153585718683,772.0,291,3141,405199.0,data/m1A_Alexa488.tif,m1A,Alexa488
18,19,527.2909787735849,540.0,230,1203,370655.5,data/m1A_Alexa488.tif,m1A,Alexa488
19,20,724.7832809224319,664.0,382,1950,516850.5,data/m1A_Alexa488.tif,m1A,Alexa488
20,21,650.0717948717949,546.0,338,2215,632762.0,data/m1A_Alexa488.tif,m1A,Alexa488
21,22,657.980198019802,568.0,302,4616,803254.0,data/m1A_Alexa488.tif,m1A,Alexa488
22,23,681.3424606151538,583.0,365,2341,308628.0,data/m1A_Alexa488.tif,m1A,Alexa488
23,24,588.4491228070175,527.0,331,1960,444563.0,data/m1A_Alexa488.tif,m1A,Alexa488
24,25,595.5525568181819,551.0,271,2696,438662.0,data/m1A_Alexa488.tif,m1A,Alexa488
25,26,625.4183389074693,547.0,280,1553,414434.0,data/m1A_Alexa488.tif,m1A,Alexa488
26,27,721.936170212766,690.0,289,1482,575006.5,data/m1A_Alexa488.tif,m1A,Alexa488
27,28,694.9975066489362,621.0,283,2208,792513.0,data/m1A_Alexa488.tif,m1A,Alexa488
28,29,669.3535539215686,657.0,275,1625,659792.0,data/m1A_Alexa488.tif,m1A,Alexa488
29,30,697.7271352985639,611.0,335,2561,504799.0,data/m1A_Alexa488.tif,m1A,Alexa488
30,31,556.4585305105853,489.0,275,1799,524588.0,data/m1A_Alexa488.tif,m1A,Alexa488
31,32,577.5104761904762,498.0,257,3295,540017.0,data/m1A_Alexa488.tif,m1A,Alexa488
32,33,642.5421831267493,522.0,244,2645,289450.5,data/m1A_Alexa488.tif,m1A,Alexa488
33,34,545.6062056444958,433.0,242,1998,769139.5,data/m1A_Alexa488.tif,m1A,Alexa488
34,35,627.9112994350282,594.0,269,2838,446233.0,data/m1A_Alexa488.tif,m1A,Alexa488
35,36,545.7978571428572,510.0,279,1678,588693.0,data/m1A_Alexa488.tif,m1A,Alexa488
36,37,658.6823495032145,554.0,269,4172,441048.5,data/m1A_Alexa488.tif,m1A,Alexa488
37,38,570.6723113487819,522.0,260,1446,983563.0,data/m1A_Alexa488.tif,m1A,Alexa488
38,39,614.7488888888889,551.0,296,2329,459709.0,data/m1A_Alexa488.tif,m1A,Alexa488
39,40,750.2581312832643,650.0,317,3375,917899.0,data/m1A_Alexa488.tif,m1A,Alexa488
40,41,731.9965925394548,673.0,266,1897,703924.5,data/m1A_Alexa488.tif,m1A,Alexa488
41,42,738.508275261324,714.0,430,1649,336469.5,data/m1A_Alexa488.tif,m1A,Alexa488
42,43,853.0386488131467,747.0,273,2688,458282.5,data/m1A_Alexa488.tif,m1A,Alexa488
43,44,798.7070707070707,735.0,239,2109,484154.0,data/m1A_Alexa488.tif,m1A,Alexa488
44,45,593.3917525773196,565.0,285,2153,595793.0,data/m1A_Alexa488.tif,m1A,Alexa488
45,46,679.8239197530864,588.0,387,2240,950604.0,data/m1A_Alexa488.tif,m1A,Alexa488
46,47,665.0578835227273,561.0,369,3689,388575.5,data/m1A_Alexa488.tif,m1A,Alexa488
47,48,562.108730412536,505.0,313,1321,414079.0,data/m1A_Alexa488.tif,m1A,Alexa488
48,49,645.988952020202,561.0,349,2029,439351.5,data/m1A_Alexa488.tif,m1A,Alexa488
49,50,708.7838654012079,602.0,333,1822,536661.5,data/m1A_Alexa488.tif,m1A,Alexa488
50,51,517.606392694064,457.0,269,1449,580455.0,data/m1A_Alexa488.tif,m1A,Alexa488
51,52,463.8622740791581,405.0,239,2204,1110425.0,data/m1A_Alexa488.tif,m1A,Alexa488
52,53,1281.0799031476997,471.0,237,8997,756561.0,data/m1A_Alexa488.tif,m1A,Alexa488
53,54,538.1901455767078,468.0,256,2183,1288492.5,data/m1A_Alexa488.tif,m1A,Alexa488
54,55,600.8873456790124,531.0,275,1811,630450.5,data/m1A_Alexa488.tif,m1A,Alexa488
55,56,722.3293956043956,593.0,272,2269,411020.5,data/m1A_Alexa488.tif,m1A,Alexa488
56,57,623.8952169625246,594.0,374,1240,387804.0,data/m1A_Alexa488.tif,m1A,Alexa488
57,58,489.4079575596817,428.0,241,1456,496429.5,data/m1A_Alexa488.tif,m1A,Alexa488
58,59,512.8668864097363,443.5,219,1802,454722.5,data/m1A_Alexa488.tif,m1A,Alexa488
59,60,504.2149450549451,380.0,234,2646,287055.5,data/m1A_Alexa488.tif,m1A,Alexa488
60,61,586.6409467455621,523.0,257,2116,574187.0,data/m1A_Alexa488.tif,m1A,Alexa488
61,62,620.0777709736681,587.0,269,1324,468481.0,data/m1A_Alexa488.tif,m1A,Alexa488
62,63,748.5687781606149,639.0,294,2293,508563.0,data/m1A_Alexa488.tif,m1A,Alexa488
63,64,634.1917146144995,546.0,332,1656,580664.0,data/m1A_Alexa488.tif,m1A,Alexa488
64,65,747.0145502645503,608.0,397,2510,419093.0,data/m1A_Alexa488.tif,m1A,Alexa488
65,66,863.7207539836767,806.0,266,1627,692881.5,data/m1A_Alexa488.tif,m1A,Alexa488
66,67,695.000808625337,618.0,343,1520,490895.5,data/m1A_Alexa488.tif,m1A,Alexa488
67,68,818.4339045287637,724.0,328,3406,623984.5,data/m1A_Alexa488.tif,m1A,Alexa488
68,69,463.239029535865,416.0,237,3777,529799.5,data/m1A_Alexa488.tif,m1A,Alexa488
69,70,615.9412294238683,518.0,266,4008,1133456.0,data/m1A_Alexa488.tif,m1A,Alexa488
70,71,525.2192894251717,464.0,248,1829,1601071.0,data/m1A_Alexa488.tif,m1A,Alexa488
71,72,600.2093023255813,509.0,289,1732,347253.5,data/m1A_Alexa488.tif,m1A,Alexa488
72,73,634.8770114942529,578.0,318,2225,599817.0,data/m1A_Alexa488.tif,m1A,Alexa488
73,74,456.53208333333333,298.0,225,2119,339541.0,data/m1A_Alexa488.tif,m1A,Alexa488
74,75,931.2388888888889,743.0,485,5143,306052.0,data/m1A_Alexa488.tif,m1A,Alexa488
75,76,617.8512605042017,501.0,263,1712,341694.0,data/m1A_Alexa488.tif,m1A,Alexa488
76,77,738.985332464146,627.5,283,2251,428597.0,data/m1A_Alexa488.tif,m1A,Alexa488
77,78,483.6795847750865,450.0,285,1128,669590.5,data/m1A_Alexa488.tif,m1A,Alexa488
78,79,651.2900380491179,618.0,224,1549,769421.0,data/m1A_Alexa488.tif,m1A,Alexa488
79,80,743.8557993730408,670.0,246,3164,409775.0,data/m1A_Alexa488.tif,m1A,Alexa488
80,81,549.0441176470588,515.0,230,3265,422870.0,data/m1A_Alexa488.tif,m1A,Alexa488
81,82,491.3733503618561,456.0,222,2307,523363.5,data/m1A_Alexa488.tif,m1A,Alexa488
82,83,560.6496434322521,495.0,307,1526,505929.5,data/m1A_Alexa488.tif,m1A,Alexa488
83,84,673.043,542.0,275,2214,772013.0,data/m1A_Alexa488.tif,m1A,Alexa488
84,85,644.8835263835264,522.0,309,1593,892496.5,data/m1A_Alexa488.tif,m1A,Alexa488
85,86,625.062428799271,541.0,301,1667,525195.5,data/m1A_Alexa488.tif,m1A,Alexa488
86,87,751.4549612948628,575.0,296,6211,831937.5,data/m1A_Alexa488.tif,m1A,Alexa488
87,88,664.9667877529839,587.5,339,2127,518497.0,data/m1A_Alexa488.tif,m1A,Alexa488
88,89,467.2649253731343,371.0,250,1655,736544.5,data/m1A_Alexa488.tif,m1A,Alexa488
89,90,578.0845186559472,503.0,308,1991,715798.5,data/m1A_Alexa488.tif,m1A,Alexa488
90,91,561.6095238095238,501.0,260,1614,764624.0,data/m1A_Alexa488.tif,m1A,Alexa488
91,92,589.0027755749405,527.0,252,1906,1170119.5,data/m1A_Alexa488.tif,m1A,Alexa488
92,93,537.0592570754717,509.0,238,1371,369113.0,data/m1A_Alexa488.tif,m1A,Alexa488
93,94,650.3113741636645,574.0,245,1739,699116.5,data/m1A_Alexa488.tif,m1A,Alexa488
94,95,539.2007407407407,403.0,218,2485,338650.5,data/m1A_Alexa488.tif,m1A,Alexa488
95,96,557.276936026936,480.0,323,3180,321343.5,data/m1A_Alexa488.tif,m1A,Alexa488
96,97,907.7145067698259,811.0,467,4350,366751.0,data/m1A_Alexa488.tif,m1A,Alexa488
97,98,802.4828537642885,693.0,259,2323,603294.5,data/m1A_Alexa488.tif,m1A,Alexa488
98,99,795.2506957328386,693.0,261,4411,434140.5,data/m1A_Alexa488.tif,m1A,Alexa488
99,100,678.0010570824525,658.5,237,1606,376105.0,data/m1A_Alexa488.tif,m1A,Alexa488
100,101,804.0493827160494,679.0,451,2231,301517.5,data/m1A_Alexa488.tif,m1A,Alexa488
101,102,703.8336483931947,637.0,264,1758,462978.0,data/m1A_Alexa488.tif,m1A,Alexa488
102,103,530.0799342105263,513.0,253,1457,347203.0,data/m1A_Alexa488.tif,m1A,Alexa488
103,104,555.9953886693017,504.0,235,1982,725067.0,data/m1A_Alexa488.tif,m1A,Alexa488
104,105,714.4952046783626,619.0,279,2013,571799.0,data/m1A_Alexa488.tif,m1A,Alexa488
105,106,737.7436392914653,628.0,309,1481,415788.0,data/m1A_Alexa488.tif,m1A,Alexa488
106,107,718.384074941452,632.0,252,2643,352311.5,data/m1A_Alexa488.tif,m1A,Alexa488
107,108,591.0235905637745,455.0,224,2372,309077.5,data/m1A_Alexa488.tif,m1A,Alexa488
108,109,565.68017578125,439.5,265,3735,538254.5,data/m1A_Alexa488.tif,m1A,Alexa488
109,110,588.2409836065574,551.0,258,1438,487227.0,data/m1A_Alexa488.tif,m1A,Alexa488
110,111,679.1448559670782,576.0,289,2027,621854.0,data/m1A_Alexa488.tif,m1A,Alexa488
111,112,636.5731876517516,575.0,294,1490,811754.5,data/m1A_Alexa488.tif,m1A,Alexa488
112,113,402.19245689655173,362.0,251,946,626452.0,data/m1A_Alexa488.tif,m1A,Alexa488
113,114,573.6685123661867,491.0,314,1829,357274.0,data/m1A_Alexa488.tif,m1A,Alexa488
114,115,481.29638364779873,425.0,305,1404,317362.5,data/m1A_Alexa488.tif,m1A,Alexa488
115,116,850.0867579908676,732.0,265,2424,595336.0,data/m1A_Alexa488.tif,m1A,Alexa488
116,117,552.733870967742,528.0,238,1222,536022.0,data/m1A_Alexa488.tif,m1A,Alexa488
117,118,781.7527070529704,736.0,275,2114,441926.5,data/m1A_Alexa488.tif,m1A,Alexa488
118,119,651.1405303030303,591.0,243,2741,698576.0,data/m1A_Alexa488.tif,m1A,Alexa488
119,120,399.1474307237019,362.0,268,1314,535906.0,data/m1A_Alexa488.tif,m1A,Alexa488
120,121,436.56026785714283,420.0,226,951,327771.5,data/m1A_Alexa488.tif,m1A,Alexa488
121,122,712.0143283582089,557.5,233,5172,353584.5,data/m1A_Alexa488.tif,m1A,Alexa488
122,123,750.5801976764349,685.0,228,3218,669331.5,data/m1A_Alexa488.tif,m1A,Alexa488
123,124,599.1711798839458,525.5,254,4579,374886.5,data/m1A_Alexa488.tif,m1A,Alexa488
124,125,384.67264752791067,349.0,211,927,339412.0,data/m1A_Alexa488.tif,m1A,Alexa488
125,126,506.5237471339666,440.0,295,1254,743739.5,data/m1A_Alexa488.tif,m1A,Alexa488
126,127,631.8233618233618,528.0,273,1841,824856.5,data/m1A_Alexa488.tif,m1A,Alexa488
127,128,577.8405612244898,488.5,243,2820,651284.5,data/m1A_Alexa488.tif,m1A,Alexa488
128,129,778.2199248120301,697.0,264,1851,672071.0,data/m1A_Alexa488.tif,m1A,Alexa488
129,130,506.6104149262044,503.0,237,930,447234.5,data/m1A_Alexa488.tif,m1A,Alexa488
130,131,472.25983146067415,393.0,240,1234,354199.5,data/m1A_Alexa488.tif,m1A,Alexa488
131,132,566.5037664783428,522.0,249,1401,769346.5,data/m1A_Alexa488.tif,m1A,Alexa488
132,133,524.0301932367149,487.5,242,1176,481580.5,data/m1A_Alexa488.tif,m1A,Alexa488
133,134,553.3551075268817,544.0,309,1188,535203.0,data/m1A_Alexa488.tif,m1A,Alexa488
134,135,741.2908054169636,522.0,270,5298,380595.0,data/m1A_Alexa488.tif,m1A,Alexa488
135,136,684.871425138188,613.0,282,2182,525549.0,data/m1A_Alexa488.tif,m1A,Alexa488
136,137,698.096866096866,617.0,284,1967,369319.0,data/m1A_Alexa488.tif,m1A,Alexa488
137,138,612.3733542319749,551.0,298,1726,450050.5,data/m1A_Alexa488.tif,m1A,Alexa488
138,139,619.2275862068966,530.0,307,2317,497564.0,data/m1A_Alexa488.tif,m1A,Alexa488
139,140,1053.664347826087,689.0,379,6813,339244.0,data/m1A_Alexa488.tif,m1A,Alexa488
140,141,581.9423076923077,502.0,239,1729,475710.5,data/m1A_Alexa488.tif,m1A,Alexa488
141,142,493.0761772853186,446.0,312,2107,295077.0,data/m1A_Alexa488.tif,m1A,Alexa488
142,143,484.8211029092488,470.0,223,2671,568054.0,data/m1A_Alexa488.tif,m1A,Alexa488
143,144,633.6107297228579,547.0,308,1828,549096.5,data/m1A_Alexa488.tif,m1A,Alexa488
144,145,496.48481514084506,457.0,265,1782,589220.5,data/m1A_Alexa488.tif,m1A,Alexa488
145,146,595.7472011556519,569.0,248,1517,350786.5,data/m1A_Alexa488.tif,m1A,Alexa488
146,147,443.27098880597015,399.0,255,1439,436253.0,data/m1A_Alexa488.tif,m1A,Alexa488
147,148,532.7640074211503,514.0,331,1475,312432.5,data/m1A_Alexa488.tif,m1A,Alexa488
148,149,636.7127192982456,576.0,379,2064,455130.5,data/m1A_Alexa488.tif,m1A,Alexa488
149,150,587.9710648148148,519.0,252,1540,545225.5,data/m1A_Alexa488.tif,m1A,Alexa488
150,151,716.9964822513591,649.0,255,2715,381577.0,data/m1A_Alexa488.tif,m1A,Alexa488
151,152,718.1387485425573,524.0,259,12011,774708.0,data/m1A_Alexa488.tif,m1A,Alexa488
152,153,633.635582010582,534.0,298,2597,455338.5,data/m1A_Alexa488.tif,m1A,Alexa488
153,154,680.4499726626572,611.5,230,3000,406419.5,data/m1A_Alexa488.tif,m1A,Alexa488
154,155,621.1790621266427,570.0,253,1572,879615.5,data/m1A_Alexa488.tif,m1A,Alexa488
155,156,744.7817643186306,612.0,310,1738,402395.0,data/m1A_Alexa488.tif,m1A,Alexa488
156,157,483.9068931068931,418.0,237,1247,670954.0,data/m1A_Alexa488.tif,m1A,Alexa488
157,158,639.072974036192,550.0,326,5033,631600.0,data/m1A_Alexa488.tif,m1A,Alexa488
158,159,670.6042440318303,508.0,302,4101,466074.5,data/m1A_Alexa488.tif,m1A,Alexa488
159,160,605.1721385542169,527.0,277,2860,858331.0,data/m1A_Alexa488.tif,m1A,Alexa488
160,161,550.2688264320961,509.0,286,1553,596602.0,data/m1A_Alexa488.tif,m1A,Alexa488
161,162,666.1966942148761,630.0,292,1296,292861.0,data/m1A_Alexa488.tif,m1A,Alexa488
162,163,404.4761376248613,378.0,271,2350,349777.5,data/m1A_Alexa488.tif,m1A,Alexa488
163,164,625.7908823529411,466.5,267,1956,496031.0,data/m1A_Alexa488.tif,m1A,Alexa488
164,165,577.7140350877193,496.0,294,2203,381277.0,data/m1A_Alexa488.tif,m1A,Alexa488
165,166,658.3833743505605,637.0,267,1804,507588.0,data/m1A_Alexa488.tif,m1A,Alexa488
166,167,621.603076923077,607.0,372,1315,626015.0,data/m1A_Alexa488.tif,m1A,Alexa488
167,168,673.3365384615385,564.0,254,2855,691330.5,data/m1A_Alexa488.tif,m1A,Alexa488
168,169,677.7872148859544,640.0,343,1789,429893.0,data/m1A_Alexa488.tif,m1A,Alexa488
169,170,783.0211226851852,675.0,235,2150,415807.0,data/m1A_Alexa488.tif,m1A,Alexa488
170,171,478.8656776263031,421.5,276,1363,701208.5,data/m1A_Alexa488.tif,m1A,Alexa488
171,172,573.6474988312295,538.0,238,1409,570052.0,data/m1A_Alexa488.tif,m1A,Alexa488
172,173,590.1391884951207,529.0,240,3962,499419.5,data/m1A_Alexa488.tif,m1A,Alexa488
173,174,713.0752688172043,505.0,214,3412,450328.0,data/m1A_Alexa488.tif,m1A,Alexa488
174,175,538.3634535777646,483.0,232,1596,1061037.5,data/m1A_Alexa488.tif,m1A,Alexa488
175,176,504.5508930119646,425.0,254,1812,800699.0,data/m1A_Alexa488.tif,m1A,Alexa488
176,177,761.3434343434343,611.5,291,3302,698578.5,data/m1A_Alexa488.tif,m1A,Alexa488
177,178,1140.708222811671,865.5,423,7219,301619.5,data/m1A_Alexa488.tif,m1A,Alexa488
178,179,573.5785714285714,559.0,260,1562,403084.5,data/m1A_Alexa488.tif,m1A,Alexa488
179,180,637.8471734892787,498.0,303,3815,323603.0,data/m1A_Alexa488.tif,m1A,Alexa488
180,181,586.5849091930351,547.0,259,2340,1068812.0,data/m1A_Alexa488.tif,m1A,Alexa488
181,182,594.5087976539589,519.0,269,1661,532590.0,data/m1A_Alexa488.tif,m1A,Alexa488
182,183,537.7103039288362,451.0,273,1616,930338.0,data/m1A_Alexa488.tif,m1A,Alexa488
183,184,651.7452537776056,533.0,261,2948,691861.0,data/m1A_Alexa488.tif,m1A,Alexa488
184,185,570.6122416279443,529.0,242,1584,809020.0,data/m1A_Alexa488.tif,m1A,Alexa488
185,186,777.1919532080823,630.0,413,1845,781237.0,data/m1A_Alexa488.tif,m1A,Alexa488
186,187,724.5657772467808,592.0,382,2340,1102975.0,data/m1A_Alexa488.tif,m1A,Alexa488
187,188,529.3367211665931,315.0,242,5253,850831.5,data/m1A_Alexa488.tif,m1A,Alexa488
188,189,506.8129423660263,470.0,288,1545,386515.0,data/m1A_Alexa488.tif,m1A,Alexa488
189,190,635.019030627416,555.0,310,3331,478034.5,data/m1A_Alexa488.tif,m1A,Alexa488
190,191,748.2650825749915,671.5,287,2062,689984.0,data/m1A_Alexa488.tif,m1A,Alexa488
191,192,782.6096852300242,690.0,365,2578,462477.5,data/m1A_Alexa488.tif,m1A,Alexa488
192,193,634.8740740740741,614.0,327,1294,857839.5,data/m1A_Alexa488.tif,m1A,Alexa488
193,194,692.5326272218164,603.0,244,1903,987402.0,data/m1A_Alexa488.tif,m1A,Alexa488
194,195,636.3122916666666,584.0,260,1603,466469.0,data/m1A_Alexa488.tif,m1A,Alexa488
195,196,661.1621438263229,586.0,372,1443,344329.5,data/m1A_Alexa488.tif,m1A,Alexa488
196,197,491.960794044665,469.0,275,1036,522517.0,data/m1A_Alexa488.tif,m1A,Alexa488
197,198,529.2876068376069,437.0,247,1458,606221.0,data/m1A_Alexa488.tif,m1A,Alexa488
198,199,322.63699633699633,313.0,221,711,737887.5,data/m1A_Alexa488.tif,m1A,Alexa488
199,200,779.4653169014084,622.0,341,2475,729467.0,data/m1A_Alexa488.tif,m1A,Alexa488
200,201,949.0556177678238,694.5,265,5317,665841.0,data/m1A_Alexa488.tif,m1A,Alexa488
201,202,524.1035730438715,455.0,281,1579,495965.5,data/m1A_Alexa488.tif,m1A,Alexa488
202,203,582.9995993589744,468.0,295,3480,337688.5,data/m1A_Alexa488.tif,m1A,Alexa488
203,204,987.3036723163842,751.0,417,2784,717938.0,data/m1A_Alexa488.tif,m1A,Alexa488
204,205,694.3121983326021,571.0,248,1792,592701.0,data/m1A_Alexa488.tif,m1A,Alexa488
205,206,648.1181318681319,580.5,265,1616,800434.0,data/m1A_Alexa488.tif,m1A,Alexa488
206,207,835.3778538812785,686.0,273,2768,559188.5,data/m1A_Alexa488.tif,m1A,Alexa488
207,208,714.8547413793103,564.0,316,1837,351022.5,data/m1A_Alexa488.tif,m1A,Alexa488
208,209,567.9495030889068,490.0,288,2218,451445.0,data/m1A_Alexa488.tif,m1A,Alexa488
209,210,928.1730072463768,791.0,301,2233,455524.0,data/m1A_Alexa488.tif,m1A,Alexa488
210,211,486.68033154121866,467.0,277,1073,612443.0,data/m1A_Alexa488.tif,m1A,Alexa488
211,212,533.1203931203931,468.5,234,2121,475663.0,data/m1A_Alexa488.tif,m1A,Alexa488
212,213,822.2762790697675,736.0,435,3638,552831.0,data/m1A_Alexa488.tif,m1A,Alexa488
213,214,628.5698505523067,580.0,244,1760,428128.0,data/m1A_Alexa488.tif,m1A,Alexa488
214,215,930.4025,635.0,255,11279,533254.0,data/m1A_Alexa488.tif,m1A,Alexa488
215,216,659.2265507941264,593.0,314,1976,391067.0,data/m1A_Alexa488.tif,m1A,Alexa488
216,217,676.2268270944742,639.0,255,1771,606989.0,data/m1A_Alexa488.tif,m1A,Alexa488
217,218,399.50344827586207,350.0,228,827,426409.5,data/m1A_Alexa488.tif,m1A,Alexa488
218,219,725.1082600195504,618.5,236,3146,561781.0,data/m1A_Alexa488.tif,m1A,Alexa488
219,220,373.68518518518516,339.0,259,1748,792598.5,data/m1A_Alexa488.tif,m1A,Alexa488
220,221,647.8859797297297,570.0,353,2133,453086.5,data/m1A_Alexa488.tif,m1A,Alexa488
221,222,525.0767361111111,445.0,288,1940,369155.5,data/m1A_Alexa488.tif,m1A,Alexa488
222,223,632.59154792114,512.0,249,2557,1453122.0,data/m1A_Alexa488.tif,m1A,Alexa488
223,224,542.7459083469722,487.0,305,1381,299943.5,data/m1A_Alexa488.tif,m1A,Alexa488
224,225,662.1587491047983,521.0,277,7222,603736.5,data/m1A_Alexa488.tif,m1A,Alexa488
225,226,581.1181982574387,531.0,251,1480,791618.0,data/m1A_Alexa488.tif,m1A,Alexa488
226,227,523.810502283105,460.0,304,1472,571843.0,data/m1A_Alexa488.tif,m1A,Alexa488
227,228,612.6819727891157,506.0,308,1706,782740.0,data/m1A_Alexa488.tif,m1A,Alexa488
228,229,667.0677966101695,519.0,259,2205,332857.0,data/m1A_Alexa488.tif,m1A,Alexa488
229,230,625.3840579710145,525.0,240,1781,472935.5,data/m1A_Alexa488.tif,m1A,Alexa488
230,231,492.37740730094856,456.0,279,1307,402655.0,data/m1A_Alexa488.tif,m1A,Alexa488
231,232,563.5402597402598,549.5,342,1175,371789.0,data/m1A_Alexa488.tif,m1A,Alexa488
232,233,641.3541806020066,554.0,246,1755,821088.5,data/m1A_Alexa488.tif,m1A,Alexa488
233,234,642.9129332206255,471.0,248,4161,519724.0,data/m1A_Alexa488.tif,m1A,Alexa488
234,235,529.1469696969697,456.0,267,3083,1009246.5,data/m1A_Alexa488.tif,m1A,Alexa488
235,236,443.35812865497076,394.0,230,1195,577275.0,data/m1A_Alexa488.tif,m1A,Alexa488
236,237,603.9698275862069,506.0,295,3080,358546.0,data/m1A_Alexa488.tif,m1A,Alexa488
237,238,404.59799509001635,385.0,276,1559,747093.5,data/m1A_Alexa488.tif,m1A,Alexa488
238,239,501.0175187131709,447.0,245,1374,752744.5,data/m1A_Alexa488.tif,m1A,Alexa488
239,240,494.64050235478805,443.0,331,1140,439250.5,data/m1A_Alexa488.tif,m1A,Alexa488
240,241,426.8750518027352,387.0,251,1662,1995802.0,data/m1A_Alexa488.tif,m1A,Alexa488
241,242,398.78038649087955,329.0,227,1720,650805.5,data/m1A_Alexa488.tif,m1A,Alexa488
242,243,394.6877840909091,350.0,229,1946,372188.0,data/m1A_Alexa488.tif,m1A,Alexa488
243,244,594.3956241032998,533.0,267,1638,354391.0,data/m1A_Alexa488.tif,m1A,Alexa488
244,245,608.1920498084291,537.0,266,2479,549454.5,data/m1A_Alexa488.tif,m1A,Alexa488
245,246,561.3015250544662,370.0,245,2260,291318.0,data/m1A_Alexa488.tif,m1A,Alexa488
246,247,520.6037786774629,507.0,306,1143,516492.0,data/m1A_Alexa488.tif,m1A,Alexa488
247,248,638.5908225108225,565.0,251,1889,704313.5,data/m1A_Alexa488.tif,m1A,Alexa488
248,249,596.0602774274905,541.0,292,1886,490670.0,data/m1A_Alexa488.tif,m1A,Alexa488
249,250,632.2439123376623,588.0,285,2439,597505.5,data/m1A_Alexa488.tif,m1A,Alexa488
250,251,632.3279917291289,590.0,245,1846,953635.0,data/m1A_Alexa488.tif,m1A,Alexa488
251,252,525.0089964014394,493.0,319,1050,676880.5,data/m1A_Alexa488.tif,m1A,Alexa488
252,253,671.3560716013546,597.0,342,2873,287456.0,data/m1A_Alexa488.tif,m1A,Alexa488
253,254,731.3112244897959,703.0,476,2203,297383.0,data/m1A_Alexa488.tif,m1A,Alexa488
254,255,784.2693248532289,690.0,410,2043,575146.5,data/m1A_Alexa488.tif,m1A,Alexa488
255,256,566.1355311355311,495.0,338,2515,370288.0,data/m1A_Alexa488.tif,m1A,Alexa488
256,257,617.826102292769,561.0,255,1925,658263.5,data/m1A_Alexa488.tif,m1A,Alexa488
257,258,600.9470486111111,585.0,279,1524,590385.0,data/m1A_Alexa488.tif,m1A,Alexa488
258,259,378.45156862745097,338.0,213,1109,631951.0,data/m1A_Alexa488.tif,m1A,Alexa488
259,260,592.7077067669173,463.0,301,1678,454494.0,data/m1A_Alexa488.tif,m1A,Alexa488
260,261,727.7195018995357,634.0,300,3107,684067.0,data/m1A_Alexa488.tif,m1A,Alexa488
261,262,450.36254456746104,407.0,246,1645,469065.5,data/m1A_Alexa488.tif,m1A,Alexa488
262,263,568.113867966327,532.0,313,1745,622123.5,data/m1A_Alexa488.tif,m1A,Alexa488
263,264,594.835494533435,550.0,279,1466,480081.5,data/m1A_Alexa488.tif,m1A,Alexa488
264,265,678.9836567926455,633.0,276,1856,526690.5,data/m1A_Alexa488.tif,m1A,Alexa488
265,266,575.3605476673428,526.0,274,3962,539744.5,data/m1A_Alexa488.tif,m1A,Alexa488
266,267,466.3797123015873,405.0,271,1547,507834.5,data/m1A_Alexa488.tif,m1A,Alexa488
267,268,435.53456140350875,397.0,257,1748,704196.5,data/m1A_Alexa488.tif,m1A,Alexa488
268,269,483.6059009483667,410.0,263,1371,632955.5,data/m1A_Alexa488.tif,m1A,Alexa488
269,270,592.6551261406333,561.0,328,1350,501397.0,data/m1A_Alexa488.tif,m1A,Alexa488
270,271,656.0678739101274,584.0,225,3287,980491.0,data/m1A_Alexa488.tif,m1A,Alexa488
271,272,589.3081824279008,510.0,240,2551,750577.0,data/m1A_Alexa488.tif,m1A,Alexa488
272,273,523.6364023870418,499.0,261,1296,302090.5,data/m1A_Alexa488.tif,m1A,Alexa488
273,274,651.4233147804576,599.0,294,1208,417567.5,data/m1A_Alexa488.tif,m1A,Alexa488
274,275,587.5328776041666,565.0,319,1026,425365.0,data/m1A_Alexa488.tif,m1A,Alexa488
275,276,406.5212121212121,397.0,296,659,312807.0,data/m1A_Alexa488.tif,m1A,Alexa488
276,277,585.9947877885331,563.0,237,1744,586415.0,data/m1A_Alexa488.tif,m1A,Alexa488
277,278,468.07677949228474,440.0,272,1173,1155454.0,data/m1A_Alexa488.tif,m1A,Alexa488
278,279,899.2877551020408,811.5,250,3875,642578.5,data/m1A_Alexa488.tif,m1A,Alexa488
279,280,652.5076923076923,578.0,281,2470,712402.5,data/m1A_Alexa488.tif,m1A,Alexa488
280,281,580.2708513708513,517.0,230,1915,863561.0,data/m1A_Alexa488.tif,m1A,Alexa488
281,282,601.0336677814938,556.0,282,1221,510427.5,data/m1A_Alexa488.tif,m1A,Alexa488
282,283,424.7437924816202,412.0,257,1251,912569.0,data/m1A_Alexa488.tif,m1A,Alexa488
283,284,642.5384615384615,535.0,325,1673,497382.5,data/m1A_Alexa488.tif,m1A,Alexa488
284,285,642.7935794542536,574.0,262,3208,685999.5,data/m1A_Alexa488.tif,m1A,Alexa488
285,286,634.558357771261,576.0,279,1501,441033.0,data/m1A_Alexa488.tif,m1A,Alexa488
286,287,691.5734129947722,598.0,268,2346,893286.5,data/m1A_Alexa488.tif,m1A,Alexa488
287,288,562.5240384615385,517.0,277,2133,343286.5,data/m1A_Alexa488.tif,m1A,Alexa488
288,289,711.7155172413793,566.5,355,2794,378266.5,data/m1A_Alexa488.tif,m1A,Alexa488
289,290,606.9366888255777,562.0,254,2597,873519.0,data/m1A_Alexa488.tif,m1A,Alexa488
290,291,591.7938555347092,527.0,270,2431,956524.0,data/m1A_Alexa488.tif,m1A,Alexa488
291,292,673.3973471741638,578.0,319,1658,476682.5,data/m1A_Alexa488.tif,m1A,Alexa488
292,293,787.829506314581,300.0,241,7873,493828.5,data/m1A_Alexa488.tif,m1A,Alexa488
293,294,712.9813012295082,654.0,258,2271,442746.5,data/m1A_Alexa488.tif,m1A,Alexa488
294,295,608.8991925617812,470.0,252,4781,556013.5,data/m1A_Alexa488.tif,m1A,Alexa488
295,296,604.4855072463768,505.0,245,2844,609871.0,data/m1A_Alexa488.tif,m1A,Alexa488
296,297,926.1261707988981,762.0,268,4404,400473.5,data/m1A_Alexa488.tif,m1A,Alexa488
297,298,670.3821760524877,566.0,234,2998,749418.0,data/m1A_Alexa488.tif,m1A,Alexa488
298,299,663.6668408675202,610.0,281,1991,979574.0,data/m1A_Alexa488.tif,m1A,Alexa488
299,300,849.3210264467137,628.0,342,5000,514871.5,data/m1A_Alexa488.tif,m1A,Alexa488
0,1,216.7433586337761,210.0,145,734,538239.0,data/m1A_Alexa568.tif,m1A,Alexa568
1,2,324.8594074844075,279.0,163,1471,486942.0,data/m1A_Alexa568.tif,m1A,Alexa568
2,3,244.02494669509596,194.0,126,1060,682658.0,data/m1A_Alexa568.tif,m1A,Alexa568
3,4,190.43789521228547,178.0,126,480,1444395.0,data/m1A_Alexa568.tif,m1A,Alexa568
4,5,292.581351981352,249.0,150,1471,571272.5,data/m1A_Alexa568.tif,m1A,Alexa568
5,6,357.09734939759034,277.0,141,1406,610519.0,data/m1A_Alexa568.tif,m1A,Alexa568
6,7,300.2933860938383,256.0,169,972,480091.5,data/m1A_Alexa568.tif,m1A,Alexa568
7,8,353.7501530924678,279.0,149,1648,447591.0,data/m1A_Alexa568.tif,m1A,Alexa568
8,9,182.96686303387335,183.0,110,303,1013551.5,data/m1A_Alexa568.tif,m1A,Alexa568
9,10,183.24310275889644,172.0,131,475,312888.0,data/m1A_Alexa568.tif,m1A,Alexa568
10,11,158.69372294372295,158.0,116,219,534324.5,data/m1A_Alexa568.tif,m1A,Alexa568
11,12,360.8487684729064,288.0,143,1761,714574.5,data/m1A_Alexa568.tif,m1A,Alexa568
12,13,368.27679782903664,277.0,162,1755,562129.0,data/m1A_Alexa568.tif,m1A,Alexa568
13,14,410.00877192982455,325.0,138,1993,374118.5,data/m1A_Alexa568.tif,m1A,Alexa568
14,15,180.66330827067668,182.0,116,246,900785.5,data/m1A_Alexa568.tif,m1A,Alexa568
15,16,190.12611408199643,190.0,131,272,548654.5,data/m1A_Alexa568.tif,m1A,Alexa568
16,17,190.38802083333334,190.0,143,274,329737.5,data/m1A_Alexa568.tif,m1A,Alexa568
17,18,377.94213604185904,268.0,133,2433,405199.0,data/m1A_Alexa568.tif,m1A,Alexa568
18,19,246.57370283018867,209.0,128,992,370655.5,data/m1A_Alexa568.tif,m1A,Alexa568
19,20,390.4819182389937,297.0,160,2297,516850.5,data/m1A_Alexa568.tif,m1A,Alexa568
20,21,178.35235042735042,178.0,134,253,632762.0,data/m1A_Alexa568.tif,m1A,Alexa568
21,22,180.32657797029702,181.0,120,249,803254.0,data/m1A_Alexa568.tif,m1A,Alexa568
22,23,542.1114028507127,456.5,170,2027,308628.0,data/m1A_Alexa568.tif,m1A,Alexa568
23,24,185.00986842105263,184.0,134,249,444563.0,data/m1A_Alexa568.tif,m1A,Alexa568
24,25,408.9079545454546,300.0,156,1495,438662.0,data/m1A_Alexa568.tif,m1A,Alexa568
25,26,189.3185618729097,187.0,139,404,414434.0,data/m1A_Alexa568.tif,m1A,Alexa568
26,27,185.23304130162703,185.0,119,244,575006.5,data/m1A_Alexa568.tif,m1A,Alexa568
27,28,273.5581781914894,227.0,126,1129,792513.0,data/m1A_Alexa568.tif,m1A,Alexa568
28,29,181.8719362745098,182.0,131,253,659792.0,data/m1A_Alexa568.tif,m1A,Alexa568
29,30,343.4817334341144,281.0,147,1453,504799.0,data/m1A_Alexa568.tif,m1A,Alexa568
30,31,239.79676214196763,204.0,141,884,524588.0,data/m1A_Alexa568.tif,m1A,Alexa568
31,32,168.51809523809524,168.0,116,240,540017.0,data/m1A_Alexa568.tif,m1A,Alexa568
32,33,196.14954018392643,174.0,131,594,289450.5,data/m1A_Alexa568.tif,m1A,Alexa568
33,34,180.12031688397425,180.0,134,285,769139.5,data/m1A_Alexa568.tif,m1A,Alexa568
34,35,193.61949152542374,193.0,134,299,446233.0,data/m1A_Alexa568.tif,m1A,Alexa568
35,36,279.46166666666664,213.0,142,1271,588693.0,data/m1A_Alexa568.tif,m1A,Alexa568
36,37,373.6019871420222,239.0,148,1732,441048.5,data/m1A_Alexa568.tif,m1A,Alexa568
37,38,193.13398692810458,192.0,134,309,983563.0,data/m1A_Alexa568.tif,m1A,Alexa568
38,39,337.7038888888889,282.0,163,1425,459709.0,data/m1A_Alexa568.tif,m1A,Alexa568
39,40,242.68568894145477,212.0,135,1076,917899.0,data/m1A_Alexa568.tif,m1A,Alexa568
40,41,184.48834289813487,185.0,121,342,703924.5,data/m1A_Alexa568.tif,m1A,Alexa568
41,42,199.3432055749129,195.0,154,372,336469.5,data/m1A_Alexa568.tif,m1A,Alexa568
42,43,414.242848447961,267.0,142,2345,458282.5,data/m1A_Alexa568.tif,m1A,Alexa568
43,44,344.9604617604618,238.0,137,2216,484154.0,data/m1A_Alexa568.tif,m1A,Alexa568
44,45,192.45239539114615,192.0,136,271,595793.0,data/m1A_Alexa568.tif,m1A,Alexa568
45,46,198.4918209876543,196.0,145,399,950604.0,data/m1A_Alexa568.tif,m1A,Alexa568
46,47,202.41335227272728,195.0,148,495,388575.5,data/m1A_Alexa568.tif,m1A,Alexa568
47,48,293.5356571794052,226.0,138,1700,414079.0,data/m1A_Alexa568.tif,m1A,Alexa568
48,49,419.4738005050505,298.0,153,1963,439351.5,data/m1A_Alexa568.tif,m1A,Alexa568
49,50,185.13869715271787,184.0,130,254,536661.5,data/m1A_Alexa568.tif,m1A,Alexa568
50,51,271.384703196347,214.0,136,877,580455.0,data/m1A_Alexa568.tif,m1A,Alexa568
51,52,254.72912377030428,201.0,128,1385,1110425.0,data/m1A_Alexa568.tif,m1A,Alexa568
52,53,551.1452784503632,181.0,119,6174,756561.0,data/m1A_Alexa568.tif,m1A,Alexa568
53,54,311.57961926091826,278.0,122,1302,1288492.5,data/m1A_Alexa568.tif,m1A,Alexa568
54,55,238.7210648148148,221.0,139,746,630450.5,data/m1A_Alexa568.tif,m1A,Alexa568
55,56,183.9947802197802,182.0,123,350,411020.5,data/m1A_Alexa568.tif,m1A,Alexa568
56,57,239.6050295857988,209.0,131,928,387804.0,data/m1A_Alexa568.tif,m1A,Alexa568
57,58,274.6676392572944,208.0,138,1764,496429.5,data/m1A_Alexa568.tif,m1A,Alexa568
58,59,177.75862068965517,175.0,140,244,454722.5,data/m1A_Alexa568.tif,m1A,Alexa568
59,60,169.98285714285714,167.0,130,234,287055.5,data/m1A_Alexa568.tif,m1A,Alexa568
60,61,199.26792899408284,198.0,147,289,574187.0,data/m1A_Alexa568.tif,m1A,Alexa568
61,62,201.7951622780159,201.0,146,301,468481.0,data/m1A_Alexa568.tif,m1A,Alexa568
62,63,350.2804134640869,284.0,157,1421,508563.0,data/m1A_Alexa568.tif,m1A,Alexa568
63,64,310.706329113924,234.0,142,1208,580664.0,data/m1A_Alexa568.tif,m1A,Alexa568
64,65,185.8415343915344,185.0,144,247,419093.0,data/m1A_Alexa568.tif,m1A,Alexa568
65,66,257.17178390983287,199.0,135,1112,692881.5,data/m1A_Alexa568.tif,m1A,Alexa568
66,67,292.4506738544474,230.0,142,1341,490895.5,data/m1A_Alexa568.tif,m1A,Alexa568
67,68,343.8567931456548,304.0,161,1363,623984.5,data/m1A_Alexa568.tif,m1A,Alexa568
68,69,269.50021097046414,237.0,134,823,529799.5,data/m1A_Alexa568.tif,m1A,Alexa568
69,70,248.9729938271605,204.0,132,1006,1133456.0,data/m1A_Alexa568.tif,m1A,Alexa568
70,71,186.28691134573486,183.0,125,613,1601071.0,data/m1A_Alexa568.tif,m1A,Alexa568
71,72,282.2680761099366,219.0,139,1008,347253.5,data/m1A_Alexa568.tif,m1A,Alexa568
72,73,194.0606896551724,192.0,138,337,599817.0,data/m1A_Alexa568.tif,m1A,Alexa568
73,74,160.40083333333334,158.0,118,221,339541.0,data/m1A_Alexa568.tif,m1A,Alexa568
74,75,293.87606837606836,220.0,138,1532,306052.0,data/m1A_Alexa568.tif,m1A,Alexa568
75,76,267.1029411764706,215.0,133,1292,341694.0,data/m1A_Alexa568.tif,m1A,Alexa568
76,77,307.4996740547588,226.0,145,1132,428597.0,data/m1A_Alexa568.tif,m1A,Alexa568
77,78,174.79423298731257,174.0,118,247,669590.5,data/m1A_Alexa568.tif,m1A,Alexa568
78,79,272.4164648910412,232.0,159,1295,769421.0,data/m1A_Alexa568.tif,m1A,Alexa568
79,80,185.76677115987462,186.0,137,277,409775.0,data/m1A_Alexa568.tif,m1A,Alexa568
80,81,328.8345588235294,278.0,145,1728,422870.0,data/m1A_Alexa568.tif,m1A,Alexa568
81,82,365.8448275862069,286.0,133,1329,523363.5,data/m1A_Alexa568.tif,m1A,Alexa568
82,83,165.81090407177365,166.0,125,218,505929.5,data/m1A_Alexa568.tif,m1A,Alexa568
83,84,182.44233333333332,182.0,136,260,772013.0,data/m1A_Alexa568.tif,m1A,Alexa568
84,85,262.6056628056628,204.0,138,1063,892496.5,data/m1A_Alexa568.tif,m1A,Alexa568
85,86,277.43426748689905,219.0,142,1559,525195.5,data/m1A_Alexa568.tif,m1A,Alexa568
86,87,268.2788529204785,218.0,150,1129,831937.5,data/m1A_Alexa568.tif,m1A,Alexa568
87,88,341.26284379865075,234.0,146,1545,518497.0,data/m1A_Alexa568.tif,m1A,Alexa568
88,89,182.57384950248758,177.0,119,441,736544.5,data/m1A_Alexa568.tif,m1A,Alexa568
89,90,282.34013605442175,221.0,130,1238,715798.5,data/m1A_Alexa568.tif,m1A,Alexa568
90,91,176.96330532212886,176.0,122,239,764624.0,data/m1A_Alexa568.tif,m1A,Alexa568
91,92,191.87113402061857,191.0,136,273,1170119.5,data/m1A_Alexa568.tif,m1A,Alexa568
92,93,181.9602004716981,183.0,135,246,369113.0,data/m1A_Alexa568.tif,m1A,Alexa568
93,94,252.2336592897581,207.0,136,1067,699116.5,data/m1A_Alexa568.tif,m1A,Alexa568
94,95,248.95,210.0,134,840,338650.5,data/m1A_Alexa568.tif,m1A,Alexa568
95,96,334.81060606060606,282.0,159,1201,321343.5,data/m1A_Alexa568.tif,m1A,Alexa568
96,97,346.6030947775629,280.0,161,1203,366751.0,data/m1A_Alexa568.tif,m1A,Alexa568
97,98,328.12849822625145,247.0,147,1445,603294.5,data/m1A_Alexa568.tif,m1A,Alexa568
98,99,209.39471243042672,199.0,139,444,434140.5,data/m1A_Alexa568.tif,m1A,Alexa568
99,100,185.48731501057082,185.0,131,259,376105.0,data/m1A_Alexa568.tif,m1A,Alexa568
100,101,356.69876543209875,263.0,168,1630,301517.5,data/m1A_Alexa568.tif,m1A,Alexa568
101,102,196.50315059861373,195.0,136,306,462978.0,data/m1A_Alexa568.tif,m1A,Alexa568
102,103,175.44769736842105,175.0,129,241,347203.0,data/m1A_Alexa568.tif,m1A,Alexa568
103,104,187.71903820816866,188.0,127,297,725067.0,data/m1A_Alexa568.tif,m1A,Alexa568
104,105,203.02198830409355,200.0,137,335,571799.0,data/m1A_Alexa568.tif,m1A,Alexa568
105,106,195.89049919484702,195.0,135,301,415788.0,data/m1A_Alexa568.tif,m1A,Alexa568
106,107,464.5276012044162,428.0,138,1391,352311.5,data/m1A_Alexa568.tif,m1A,Alexa568
107,108,407.8712514994002,285.0,133,1435,309077.5,data/m1A_Alexa568.tif,m1A,Alexa568
108,109,297.601806640625,237.0,142,1334,538254.5,data/m1A_Alexa568.tif,m1A,Alexa568
109,110,169.88142076502731,170.0,129,213,487227.0,data/m1A_Alexa568.tif,m1A,Alexa568
110,111,185.30411522633744,185.0,121,283,621854.0,data/m1A_Alexa568.tif,m1A,Alexa568
111,112,180.2603191120361,179.0,136,242,811754.5,data/m1A_Alexa568.tif,m1A,Alexa568
112,113,167.98599137931035,167.0,126,240,626452.0,data/m1A_Alexa568.tif,m1A,Alexa568
113,114,183.30527870062753,183.0,144,243,357274.0,data/m1A_Alexa568.tif,m1A,Alexa568
114,115,179.0,178.0,136,235,317362.5,data/m1A_Alexa568.tif,m1A,Alexa568
115,116,340.41291585127203,234.0,153,1470,595336.0,data/m1A_Alexa568.tif,m1A,Alexa568
116,117,173.18743890518084,174.0,124,236,536022.0,data/m1A_Alexa568.tif,m1A,Alexa568
117,118,193.33625987708515,193.0,130,281,441926.5,data/m1A_Alexa568.tif,m1A,Alexa568
118,119,299.0524621212121,265.0,134,1026,698576.0,data/m1A_Alexa568.tif,m1A,Alexa568
119,120,222.68926553672316,186.0,129,799,535906.0,data/m1A_Alexa568.tif,m1A,Alexa568
120,121,355.0293898809524,302.0,137,1023,327771.5,data/m1A_Alexa568.tif,m1A,Alexa568
121,122,191.35402985074626,191.0,119,345,353584.5,data/m1A_Alexa568.tif,m1A,Alexa568
122,123,304.6779954915901,249.0,148,1695,669331.5,data/m1A_Alexa568.tif,m1A,Alexa568
123,124,228.2678916827853,215.0,145,833,374886.5,data/m1A_Alexa568.tif,m1A,Alexa568
124,125,173.2571770334928,173.0,129,248,339412.0,data/m1A_Alexa568.tif,m1A,Alexa568
125,126,165.49230265312806,166.0,122,239,743739.5,data/m1A_Alexa568.tif,m1A,Alexa568
126,127,174.03044871794873,172.0,126,258,824856.5,data/m1A_Alexa568.tif,m1A,Alexa568
127,128,178.9067055393586,179.0,121,251,651284.5,data/m1A_Alexa568.tif,m1A,Alexa568
128,129,176.0985797827903,175.0,126,266,672071.0,data/m1A_Alexa568.tif,m1A,Alexa568
129,130,176.80339738234474,178.0,126,246,447234.5,data/m1A_Alexa568.tif,m1A,Alexa568
130,131,162.4051966292135,160.0,123,227,354199.5,data/m1A_Alexa568.tif,m1A,Alexa568
131,132,194.04001883239172,181.0,122,870,769346.5,data/m1A_Alexa568.tif,m1A,Alexa568
132,133,315.9685990338164,240.0,141,1829,481580.5,data/m1A_Alexa568.tif,m1A,Alexa568
133,134,185.3266129032258,184.0,142,246,535203.0,data/m1A_Alexa568.tif,m1A,Alexa568
134,135,329.66215253029225,243.0,128,1274,380595.0,data/m1A_Alexa568.tif,m1A,Alexa568
135,136,176.36529680365297,177.0,129,232,525549.0,data/m1A_Alexa568.tif,m1A,Alexa568
136,137,185.0997150997151,186.0,129,248,369319.0,data/m1A_Alexa568.tif,m1A,Alexa568
137,138,341.641065830721,263.0,149,1474,450050.5,data/m1A_Alexa568.tif,m1A,Alexa568
138,139,322.96657824933686,217.0,144,1811,497564.0,data/m1A_Alexa568.tif,m1A,Alexa568
139,140,434.5821739130435,241.0,160,4564,339244.0,data/m1A_Alexa568.tif,m1A,Alexa568
140,141,277.36745562130176,208.0,136,1197,475710.5,data/m1A_Alexa568.tif,m1A,Alexa568
141,142,187.6246537396122,187.0,143,232,295077.0,data/m1A_Alexa568.tif,m1A,Alexa568
142,143,185.57490230134607,185.0,130,273,568054.0,data/m1A_Alexa568.tif,m1A,Alexa568
143,144,340.906941266209,225.0,122,1936,549096.5,data/m1A_Alexa568.tif,m1A,Alexa568
144,145,273.5983714788732,218.0,125,1102,589220.5,data/m1A_Alexa568.tif,m1A,Alexa568
145,146,182.15276273022752,182.0,129,265,350786.5,data/m1A_Alexa568.tif,m1A,Alexa568
146,147,167.53171641791045,167.0,124,228,436253.0,data/m1A_Alexa568.tif,m1A,Alexa568
147,148,591.6797773654916,526.0,211,1637,312432.5,data/m1A_Alexa568.tif,m1A,Alexa568
148,149,362.5529448621554,261.0,161,2115,455130.5,data/m1A_Alexa568.tif,m1A,Alexa568
149,150,184.43078703703705,180.0,131,358,545225.5,data/m1A_Alexa568.tif,m1A,Alexa568
150,151,194.81931563799168,196.0,137,264,381577.0,data/m1A_Alexa568.tif,m1A,Alexa568
151,152,187.47804119704625,185.0,126,302,774708.0,data/m1A_Alexa568.tif,m1A,Alexa568
152,153,190.06845238095238,189.0,138,293,455338.5,data/m1A_Alexa568.tif,m1A,Alexa568
153,154,343.6088026243849,269.0,129,1494,406419.5,data/m1A_Alexa568.tif,m1A,Alexa568
154,155,182.05271804062127,179.0,121,358,879615.5,data/m1A_Alexa568.tif,m1A,Alexa568
155,156,335.1579986833443,226.0,142,1572,402395.0,data/m1A_Alexa568.tif,m1A,Alexa568
156,157,169.73526473526474,169.0,123,242,670954.0,data/m1A_Alexa568.tif,m1A,Alexa568
157,158,427.4156176239182,324.0,165,2106,631600.0,data/m1A_Alexa568.tif,m1A,Alexa568
158,159,296.6079575596817,235.0,139,1559,466074.5,data/m1A_Alexa568.tif,m1A,Alexa568
159,160,295.7156626506024,238.0,131,1090,858331.0,data/m1A_Alexa568.tif,m1A,Alexa568
160,161,188.90431237931773,189.0,133,238,596602.0,data/m1A_Alexa568.tif,m1A,Alexa568
161,162,195.08719008264464,193.0,142,273,292861.0,data/m1A_Alexa568.tif,m1A,Alexa568
162,163,241.29263780984093,211.0,145,681,349777.5,data/m1A_Alexa568.tif,m1A,Alexa568
163,164,174.87058823529412,174.0,132,245,496031.0,data/m1A_Alexa568.tif,m1A,Alexa568
164,165,180.56140350877192,180.0,125,244,381277.0,data/m1A_Alexa568.tif,m1A,Alexa568
165,166,225.32622368061251,200.0,139,1122,507588.0,data/m1A_Alexa568.tif,m1A,Alexa568
166,167,195.34215384615385,195.0,136,280,626015.0,data/m1A_Alexa568.tif,m1A,Alexa568
167,168,196.5955528846154,190.0,131,439,691330.5,data/m1A_Alexa568.tif,m1A,Alexa568
168,169,185.81842737094837,186.0,135,248,429893.0,data/m1A_Alexa568.tif,m1A,Alexa568
169,170,181.9603587962963,183.0,115,264,415807.0,data/m1A_Alexa568.tif,m1A,Alexa568
170,171,165.34703287890937,165.0,130,232,701208.5,data/m1A_Alexa568.tif,m1A,Alexa568
171,172,278.41444600280505,213.0,139,1070,570052.0,data/m1A_Alexa568.tif,m1A,Alexa568
172,173,318.35310734463275,235.5,137,1461,499419.5,data/m1A_Alexa568.tif,m1A,Alexa568
173,174,252.30199039121482,223.0,119,938,450328.0,data/m1A_Alexa568.tif,m1A,Alexa568
174,175,189.96629213483146,188.0,129,300,1061037.5,data/m1A_Alexa568.tif,m1A,Alexa568
175,176,180.98231316108897,181.0,122,262,800699.0,data/m1A_Alexa568.tif,m1A,Alexa568
176,177,333.7483766233766,231.0,141,1711,698578.5,data/m1A_Alexa568.tif,m1A,Alexa568
177,178,328.6087533156499,275.0,157,1435,301619.5,data/m1A_Alexa568.tif,m1A,Alexa568
178,179,214.27857142857144,196.0,126,697,403084.5,data/m1A_Alexa568.tif,m1A,Alexa568
179,180,353.42105263157896,289.0,156,1182,323603.0,data/m1A_Alexa568.tif,m1A,Alexa568
180,181,191.71222617487362,191.0,138,275,1068812.0,data/m1A_Alexa568.tif,m1A,Alexa568
181,182,170.8311339198436,171.0,125,222,532590.0,data/m1A_Alexa568.tif,m1A,Alexa568
182,183,292.21097108969605,217.0,123,1289,930338.0,data/m1A_Alexa568.tif,m1A,Alexa568
183,184,337.8860906625339,280.0,133,1438,691861.0,data/m1A_Alexa568.tif,m1A,Alexa568
184,185,190.81461304278162,191.0,133,280,809020.0,data/m1A_Alexa568.tif,m1A,Alexa568
185,186,205.16146756469337,202.0,147,339,781237.0,data/m1A_Alexa568.tif,m1A,Alexa568
186,187,208.19394663480685,206.0,135,344,1102975.0,data/m1A_Alexa568.tif,m1A,Alexa568
187,188,272.1480335837384,167.0,127,1479,850831.5,data/m1A_Alexa568.tif,m1A,Alexa568
188,189,393.7819346140883,318.0,141,1665,386515.0,data/m1A_Alexa568.tif,m1A,Alexa568
189,190,219.67945286946178,197.0,142,673,478034.5,data/m1A_Alexa568.tif,m1A,Alexa568
190,191,181.91017863161443,183.0,122,271,689984.0,data/m1A_Alexa568.tif,m1A,Alexa568
191,192,187.52808716707023,187.0,132,427,462477.5,data/m1A_Alexa568.tif,m1A,Alexa568
192,193,192.07987117552335,192.0,135,271,857839.5,data/m1A_Alexa568.tif,m1A,Alexa568
193,194,212.48234721207695,204.0,134,656,987402.0,data/m1A_Alexa568.tif,m1A,Alexa568
194,195,250.37270833333332,226.0,155,916,466469.0,data/m1A_Alexa568.tif,m1A,Alexa568
195,196,236.6082089552239,213.0,139,1042,344329.5,data/m1A_Alexa568.tif,m1A,Alexa568
196,197,307.4111662531017,257.0,139,1247,522517.0,data/m1A_Alexa568.tif,m1A,Alexa568
197,198,191.20405982905982,187.0,129,334,606221.0,data/m1A_Alexa568.tif,m1A,Alexa568
198,199,170.5791208791209,170.0,121,225,737887.5,data/m1A_Alexa568.tif,m1A,Alexa568
199,200,323.90528169014084,216.0,157,1866,729467.0,data/m1A_Alexa568.tif,m1A,Alexa568
200,201,399.2631578947368,355.0,131,1820,665841.0,data/m1A_Alexa568.tif,m1A,Alexa568
201,202,296.54002713704205,238.0,143,1143,495965.5,data/m1A_Alexa568.tif,m1A,Alexa568
202,203,329.14503205128204,225.0,152,1912,337688.5,data/m1A_Alexa568.tif,m1A,Alexa568
203,204,179.03026634382567,179.0,134,243,717938.0,data/m1A_Alexa568.tif,m1A,Alexa568
204,205,187.4056603773585,186.0,139,273,592701.0,data/m1A_Alexa568.tif,m1A,Alexa568
205,206,184.05478345184227,181.0,134,577,800434.0,data/m1A_Alexa568.tif,m1A,Alexa568
206,207,297.0002283105023,224.0,147,1549,559188.5,data/m1A_Alexa568.tif,m1A,Alexa568
207,208,342.57844827586206,234.0,149,1416,351022.5,data/m1A_Alexa568.tif,m1A,Alexa568
208,209,217.3064732742412,199.0,139,457,451445.0,data/m1A_Alexa568.tif,m1A,Alexa568
209,210,282.57910628019323,232.0,148,1226,455524.0,data/m1A_Alexa568.tif,m1A,Alexa568
210,211,169.48028673835125,169.0,132,221,612443.0,data/m1A_Alexa568.tif,m1A,Alexa568
211,212,237.86056511056512,195.0,120,1278,475663.0,data/m1A_Alexa568.tif,m1A,Alexa568
212,213,275.0532558139535,239.0,146,1281,552831.0,data/m1A_Alexa568.tif,m1A,Alexa568
213,214,189.44022092267707,191.0,127,278,428128.0,data/m1A_Alexa568.tif,m1A,Alexa568
214,215,196.13113636363636,190.0,138,412,533254.0,data/m1A_Alexa568.tif,m1A,Alexa568
215,216,201.25501947857356,200.0,149,278,391067.0,data/m1A_Alexa568.tif,m1A,Alexa568
216,217,199.96613190730838,200.0,133,342,606989.0,data/m1A_Alexa568.tif,m1A,Alexa568
217,218,238.43354231974922,188.0,142,1028,426409.5,data/m1A_Alexa568.tif,m1A,Alexa568
218,219,541.1864613880742,306.0,143,5664,561781.0,data/m1A_Alexa568.tif,m1A,Alexa568
219,220,189.17042824074073,171.0,118,486,792598.5,data/m1A_Alexa568.tif,m1A,Alexa568
220,221,186.41976351351352,185.0,150,300,453086.5,data/m1A_Alexa568.tif,m1A,Alexa568
221,222,178.615625,179.0,129,242,369155.5,data/m1A_Alexa568.tif,m1A,Alexa568
222,223,177.43714620339645,176.0,118,404,1453122.0,data/m1A_Alexa568.tif,m1A,Alexa568
223,224,390.62193126022913,340.0,174,1555,299943.5,data/m1A_Alexa568.tif,m1A,Alexa568
224,225,347.15564573883984,231.0,146,1896,603736.5,data/m1A_Alexa568.tif,m1A,Alexa568
225,226,185.02137103402927,186.0,118,248,791618.0,data/m1A_Alexa568.tif,m1A,Alexa568
226,227,218.49109589041095,199.0,138,729,571843.0,data/m1A_Alexa568.tif,m1A,Alexa568
227,228,283.5163265306122,232.0,139,1646,782740.0,data/m1A_Alexa568.tif,m1A,Alexa568
228,229,378.6116760828625,268.0,133,2056,332857.0,data/m1A_Alexa568.tif,m1A,Alexa568
229,230,331.33199141170155,244.0,124,1974,472935.5,data/m1A_Alexa568.tif,m1A,Alexa568
230,231,382.4254096004599,337.0,174,1102,402655.0,data/m1A_Alexa568.tif,m1A,Alexa568
231,232,388.8827922077922,263.0,159,1902,371789.0,data/m1A_Alexa568.tif,m1A,Alexa568
232,233,294.28377926421405,232.0,125,1278,821088.5,data/m1A_Alexa568.tif,m1A,Alexa568
233,234,159.6722316145393,156.0,110,230,519724.0,data/m1A_Alexa568.tif,m1A,Alexa568
234,235,179.52954545454546,176.0,126,538,1009246.5,data/m1A_Alexa568.tif,m1A,Alexa568
235,236,180.58947368421053,173.0,132,560,577275.0,data/m1A_Alexa568.tif,m1A,Alexa568
236,237,328.67241379310343,225.0,140,1875,358546.0,data/m1A_Alexa568.tif,m1A,Alexa568
237,238,193.6129296235679,179.0,124,441,747093.5,data/m1A_Alexa568.tif,m1A,Alexa568
238,239,182.85793916228698,182.0,123,298,752744.5,data/m1A_Alexa568.tif,m1A,Alexa568
239,240,187.9940345368917,185.0,144,283,439250.5,data/m1A_Alexa568.tif,m1A,Alexa568
240,241,176.12681309573145,175.0,122,334,1995802.0,data/m1A_Alexa568.tif,m1A,Alexa568
241,242,161.33158750225755,159.0,123,216,650805.5,data/m1A_Alexa568.tif,m1A,Alexa568
242,243,157.00852272727272,156.0,115,213,372188.0,data/m1A_Alexa568.tif,m1A,Alexa568
243,244,181.43830703012912,181.0,127,249,354391.0,data/m1A_Alexa568.tif,m1A,Alexa568
244,245,198.8022030651341,190.0,145,507,549454.5,data/m1A_Alexa568.tif,m1A,Alexa568
245,246,168.9760348583878,167.0,129,236,291318.0,data/m1A_Alexa568.tif,m1A,Alexa568
246,247,192.31039136302294,192.0,140,249,516492.0,data/m1A_Alexa568.tif,m1A,Alexa568
247,248,189.05419913419914,189.0,135,274,704313.5,data/m1A_Alexa568.tif,m1A,Alexa568
248,249,191.19243379571247,192.0,128,247,490670.0,data/m1A_Alexa568.tif,m1A,Alexa568
249,250,198.51826298701297,197.0,142,290,597505.5,data/m1A_Alexa568.tif,m1A,Alexa568
250,251,193.40540191263892,194.0,133,299,953635.0,data/m1A_Alexa568.tif,m1A,Alexa568
251,252,259.8222710915634,247.0,162,909,676880.5,data/m1A_Alexa568.tif,m1A,Alexa568
252,253,353.9051765844219,235.0,169,1740,287456.0,data/m1A_Alexa568.tif,m1A,Alexa568
253,254,266.29452690166977,236.0,170,1101,297383.0,data/m1A_Alexa568.tif,m1A,Alexa568
254,255,346.4936399217221,267.0,155,1253,575146.5,data/m1A_Alexa568.tif,m1A,Alexa568
255,256,171.5018315018315,171.0,139,208,370288.0,data/m1A_Alexa568.tif,m1A,Alexa568
256,257,179.42186948853615,181.0,121,264,658263.5,data/m1A_Alexa568.tif,m1A,Alexa568
257,258,170.35177951388889,170.0,122,218,590385.0,data/m1A_Alexa568.tif,m1A,Alexa568
258,259,176.4250980392157,177.0,121,260,631951.0,data/m1A_Alexa568.tif,m1A,Alexa568
259,260,275.67857142857144,217.0,153,1136,454494.0,data/m1A_Alexa568.tif,m1A,Alexa568
260,261,175.39024905023217,174.0,130,244,684067.0,data/m1A_Alexa568.tif,m1A,Alexa568
261,262,168.41827735034715,166.0,120,243,469065.5,data/m1A_Alexa568.tif,m1A,Alexa568
262,263,199.23925564909172,195.0,142,396,622123.5,data/m1A_Alexa568.tif,m1A,Alexa568
263,264,311.8382913806255,249.0,149,1542,480081.5,data/m1A_Alexa568.tif,m1A,Alexa568
264,265,181.1608784473953,181.0,130,268,526690.5,data/m1A_Alexa568.tif,m1A,Alexa568
265,266,198.4252028397566,199.0,140,281,539744.5,data/m1A_Alexa568.tif,m1A,Alexa568
266,267,297.70089285714283,257.0,125,1153,507834.5,data/m1A_Alexa568.tif,m1A,Alexa568
267,268,220.45350877192982,182.0,116,999,704196.5,data/m1A_Alexa568.tif,m1A,Alexa568
268,269,245.16649104320337,205.0,124,902,632955.5,data/m1A_Alexa568.tif,m1A,Alexa568
269,270,278.4036500268384,232.0,150,1022,501397.0,data/m1A_Alexa568.tif,m1A,Alexa568
270,271,192.05553319919517,190.0,127,466,980491.0,data/m1A_Alexa568.tif,m1A,Alexa568
271,272,179.56304493628437,180.0,124,256,750577.0,data/m1A_Alexa568.tif,m1A,Alexa568
272,273,174.9701619778346,175.0,135,237,302090.5,data/m1A_Alexa568.tif,m1A,Alexa568
273,274,203.5621521335807,202.0,153,281,417567.5,data/m1A_Alexa568.tif,m1A,Alexa568
274,275,197.69401041666666,197.0,150,264,425365.0,data/m1A_Alexa568.tif,m1A,Alexa568
275,276,292.7919191919192,226.0,147,1179,312807.0,data/m1A_Alexa568.tif,m1A,Alexa568
276,277,180.45644080416977,180.0,128,274,586415.0,data/m1A_Alexa568.tif,m1A,Alexa568
277,278,181.51493280238924,181.0,127,277,1155454.0,data/m1A_Alexa568.tif,m1A,Alexa568
278,279,179.92708719851578,178.0,123,361,642578.5,data/m1A_Alexa568.tif,m1A,Alexa568
279,280,344.24235764235766,273.0,138,1352,712402.5,data/m1A_Alexa568.tif,m1A,Alexa568
280,281,186.26479076479077,178.0,119,618,863561.0,data/m1A_Alexa568.tif,m1A,Alexa568
281,282,319.1915273132664,255.0,136,1920,510427.5,data/m1A_Alexa568.tif,m1A,Alexa568
282,283,170.93258426966293,171.0,128,234,912569.0,data/m1A_Alexa568.tif,m1A,Alexa568
283,284,187.41346153846155,185.0,139,441,497382.5,data/m1A_Alexa568.tif,m1A,Alexa568
284,285,188.60465489566613,190.0,127,287,685999.5,data/m1A_Alexa568.tif,m1A,Alexa568
285,286,184.2290322580645,183.0,135,394,441033.0,data/m1A_Alexa568.tif,m1A,Alexa568
286,287,300.67871545929796,206.0,132,1385,893286.5,data/m1A_Alexa568.tif,m1A,Alexa568
287,288,196.47892011834318,193.0,140,296,343286.5,data/m1A_Alexa568.tif,m1A,Alexa568
288,289,395.4021739130435,285.0,159,1762,378266.5,data/m1A_Alexa568.tif,m1A,Alexa568
289,290,300.6805951250396,246.0,133,1785,873519.0,data/m1A_Alexa568.tif,m1A,Alexa568
290,291,379.0069183864916,265.0,133,2195,956524.0,data/m1A_Alexa568.tif,m1A,Alexa568
291,292,319.6384083044983,238.5,131,1288,476682.5,data/m1A_Alexa568.tif,m1A,Alexa568
292,293,297.27583237657865,162.0,120,4465,493828.5,data/m1A_Alexa568.tif,m1A,Alexa568
293,294,199.57172131147541,200.0,131,324,442746.5,data/m1A_Alexa568.tif,m1A,Alexa568
294,295,208.04624418889162,188.0,129,1092,556013.5,data/m1A_Alexa568.tif,m1A,Alexa568
295,296,281.47211242863415,216.0,121,1028,609871.0,data/m1A_Alexa568.tif,m1A,Alexa568
296,297,381.3358126721763,326.0,140,1297,400473.5,data/m1A_Alexa568.tif,m1A,Alexa568
297,298,364.0587752870421,268.0,131,1911,749418.0,data/m1A_Alexa568.tif,m1A,Alexa568
298,299,211.63300235171153,201.0,140,945,979574.0,data/m1A_Alexa568.tif,m1A,Alexa568
299,300,338.19481539670073,249.0,146,1508,514871.5,data/m1A_Alexa568.tif,m1A,Alexa568
0,1,244.22343453510436,250.0,152,321,538239.0,data/m1A_Alexa647.tif,m1A,Alexa647
1,2,270.5262474012474,271.0,215,332,486942.0,data/m1A_Alexa647.tif,m1A,Alexa647
2,3,284.0481876332623,285.0,187,366,682658.0,data/m1A_Alexa647.tif,m1A,Alexa647
3,4,230.93480879253238,232.0,152,309,1444395.0,data/m1A_Alexa647.tif,m1A,Alexa647
4,5,217.02727272727273,217.0,160,280,571272.5,data/m1A_Alexa647.tif,m1A,Alexa647
5,6,233.5366265060241,233.0,179,293,610519.0,data/m1A_Alexa647.tif,m1A,Alexa647
6,7,196.48982475975126,196.0,155,237,480091.5,data/m1A_Alexa647.tif,m1A,Alexa647
7,8,252.6616656460502,251.0,179,343,447591.0,data/m1A_Alexa647.tif,m1A,Alexa647
8,9,3111.0462690230734,3140.0,169,7280,1013551.5,data/m1A_Alexa647.tif,m1A,Alexa647
9,10,230.73530587764893,230.0,186,289,312888.0,data/m1A_Alexa647.tif,m1A,Alexa647
10,11,359.2816017316017,367.0,154,559,534324.5,data/m1A_Alexa647.tif,m1A,Alexa647
11,12,273.23218390804595,276.0,146,350,714574.5,data/m1A_Alexa647.tif,m1A,Alexa647
12,13,280.07914970601536,281.0,175,351,562129.0,data/m1A_Alexa647.tif,m1A,Alexa647
13,14,294.2567476383266,296.0,172,394,374118.5,data/m1A_Alexa647.tif,m1A,Alexa647
14,15,600.9036090225563,547.0,175,2148,900785.5,data/m1A_Alexa647.tif,m1A,Alexa647
15,16,2721.6477272727275,2564.5,1105,7200,548654.5,data/m1A_Alexa647.tif,m1A,Alexa647
16,17,321.74627976190476,322.0,232,413,329737.5,data/m1A_Alexa647.tif,m1A,Alexa647
17,18,293.3087103724223,299.0,168,382,405199.0,data/m1A_Alexa647.tif,m1A,Alexa647
18,19,306.47641509433964,331.0,142,463,370655.5,data/m1A_Alexa647.tif,m1A,Alexa647
19,20,309.29350104821805,308.0,223,425,516850.5,data/m1A_Alexa647.tif,m1A,Alexa647
20,21,361.9326923076923,360.0,263,489,632762.0,data/m1A_Alexa647.tif,m1A,Alexa647
21,22,342.176051980198,349.0,183,482,803254.0,data/m1A_Alexa647.tif,m1A,Alexa647
22,23,258.6654163540885,257.0,195,339,308628.0,data/m1A_Alexa647.tif,m1A,Alexa647
23,24,252.28728070175438,251.0,201,332,444563.0,data/m1A_Alexa647.tif,m1A,Alexa647
24,25,218.11676136363636,218.0,169,262,438662.0,data/m1A_Alexa647.tif,m1A,Alexa647
25,26,549.5022296544035,550.0,332,778,414434.0,data/m1A_Alexa647.tif,m1A,Alexa647
26,27,445.5571964956195,444.0,161,666,575006.5,data/m1A_Alexa647.tif,m1A,Alexa647
27,28,259.46409574468083,260.0,154,348,792513.0,data/m1A_Alexa647.tif,m1A,Alexa647
28,29,499.64889705882354,509.0,167,854,659792.0,data/m1A_Alexa647.tif,m1A,Alexa647
29,30,304.29226505416983,305.0,201,387,504799.0,data/m1A_Alexa647.tif,m1A,Alexa647
30,31,242.63113325031134,243.0,167,324,524588.0,data/m1A_Alexa647.tif,m1A,Alexa647
31,32,299.28785714285715,302.0,180,441,540017.0,data/m1A_Alexa647.tif,m1A,Alexa647
32,33,241.55057976809277,238.0,150,359,289450.5,data/m1A_Alexa647.tif,m1A,Alexa647
33,34,542.4206964845685,539.0,174,852,769139.5,data/m1A_Alexa647.tif,m1A,Alexa647
34,35,268.36581920903956,272.0,158,347,446233.0,data/m1A_Alexa647.tif,m1A,Alexa647
35,36,262.13642857142855,262.0,175,343,588693.0,data/m1A_Alexa647.tif,m1A,Alexa647
36,37,271.20338983050846,274.0,162,355,441048.5,data/m1A_Alexa647.tif,m1A,Alexa647
37,38,847.2874331550802,839.0,401,2147,983563.0,data/m1A_Alexa647.tif,m1A,Alexa647
38,39,254.19416666666666,256.5,165,351,459709.0,data/m1A_Alexa647.tif,m1A,Alexa647
39,40,244.19574216439977,243.0,167,330,917899.0,data/m1A_Alexa647.tif,m1A,Alexa647
40,41,371.62625538020086,381.0,164,594,703924.5,data/m1A_Alexa647.tif,m1A,Alexa647
41,42,353.92552264808364,355.0,215,519,336469.5,data/m1A_Alexa647.tif,m1A,Alexa647
42,43,300.2528910529519,300.0,189,393,458282.5,data/m1A_Alexa647.tif,m1A,Alexa647
43,44,316.2176046176046,319.0,165,448,484154.0,data/m1A_Alexa647.tif,m1A,Alexa647
44,45,277.10430563978167,278.0,174,385,595793.0,data/m1A_Alexa647.tif,m1A,Alexa647
45,46,245.81682098765432,246.0,186,309,950604.0,data/m1A_Alexa647.tif,m1A,Alexa647
46,47,232.33274147727272,232.0,189,281,388575.5,data/m1A_Alexa647.tif,m1A,Alexa647
47,48,225.29293252318516,225.0,173,297,414079.0,data/m1A_Alexa647.tif,m1A,Alexa647
48,49,225.34343434343435,224.0,176,298,439351.5,data/m1A_Alexa647.tif,m1A,Alexa647
49,50,282.90660051768765,283.0,193,452,536661.5,data/m1A_Alexa647.tif,m1A,Alexa647
50,51,251.29497716894977,254.0,159,327,580455.0,data/m1A_Alexa647.tif,m1A,Alexa647
51,52,275.04209563029053,282.0,146,426,1110425.0,data/m1A_Alexa647.tif,m1A,Alexa647
52,53,199.34370460048427,194.0,139,301,756561.0,data/m1A_Alexa647.tif,m1A,Alexa647
53,54,240.95632698768196,243.0,155,318,1288492.5,data/m1A_Alexa647.tif,m1A,Alexa647
54,55,265.00925925925924,267.0,157,396,630450.5,data/m1A_Alexa647.tif,m1A,Alexa647
55,56,1737.5021978021978,1338.0,461,6285,411020.5,data/m1A_Alexa647.tif,m1A,Alexa647
56,57,386.89299802761343,386.0,267,539,387804.0,data/m1A_Alexa647.tif,m1A,Alexa647
57,58,260.28806366047746,262.0,155,350,496429.5,data/m1A_Alexa647.tif,m1A,Alexa647
58,59,418.637677484787,359.0,163,1533,454722.5,data/m1A_Alexa647.tif,m1A,Alexa647
59,60,227.76615384615386,214.0,150,348,287055.5,data/m1A_Alexa647.tif,m1A,Alexa647
60,61,229.70816568047337,232.0,168,301,574187.0,data/m1A_Alexa647.tif,m1A,Alexa647
61,62,1028.8701775872628,817.5,226,2933,468481.0,data/m1A_Alexa647.tif,m1A,Alexa647
62,63,224.72939305592368,225.0,160,290,508563.0,data/m1A_Alexa647.tif,m1A,Alexa647
63,64,258.6775604142693,258.0,182,344,580664.0,data/m1A_Alexa647.tif,m1A,Alexa647
64,65,238.61507936507937,237.5,183,320,419093.0,data/m1A_Alexa647.tif,m1A,Alexa647
65,66,235.36591527399924,233.0,171,336,692881.5,data/m1A_Alexa647.tif,m1A,Alexa647
66,67,234.877628032345,235.0,169,301,490895.5,data/m1A_Alexa647.tif,m1A,Alexa647
67,68,242.89453284373724,245.0,179,310,623984.5,data/m1A_Alexa647.tif,m1A,Alexa647
68,69,271.6348101265823,272.0,191,360,529799.5,data/m1A_Alexa647.tif,m1A,Alexa647
69,70,285.96694958847735,286.0,201,414,1133456.0,data/m1A_Alexa647.tif,m1A,Alexa647
70,71,320.91511647394003,323.0,155,449,1601071.0,data/m1A_Alexa647.tif,m1A,Alexa647
71,72,303.93868921775896,304.0,221,389,347253.5,data/m1A_Alexa647.tif,m1A,Alexa647
72,73,3076.8390804597702,2963.0,1425,6177,599817.0,data/m1A_Alexa647.tif,m1A,Alexa647
73,74,240.48166666666665,218.0,154,429,339541.0,data/m1A_Alexa647.tif,m1A,Alexa647
74,75,284.91709401709403,283.0,219,365,306052.0,data/m1A_Alexa647.tif,m1A,Alexa647
75,76,374.53739495798317,376.0,198,501,341694.0,data/m1A_Alexa647.tif,m1A,Alexa647
76,77,300.95795306388527,297.0,223,408,428597.0,data/m1A_Alexa647.tif,m1A,Alexa647
77,78,709.5063437139562,524.0,184,6160,669590.5,data/m1A_Alexa647.tif,m1A,Alexa647
78,79,196.6682808716707,197.0,148,245,769421.0,data/m1A_Alexa647.tif,m1A,Alexa647
79,80,249.1282131661442,250.0,160,337,409775.0,data/m1A_Alexa647.tif,m1A,Alexa647
80,81,229.3704044117647,231.0,153,296,422870.0,data/m1A_Alexa647.tif,m1A,Alexa647
81,82,234.52341421881653,237.0,163,307,523363.5,data/m1A_Alexa647.tif,m1A,Alexa647
82,83,601.5242696112261,553.0,277,1712,505929.5,data/m1A_Alexa647.tif,m1A,Alexa647
83,84,385.99016666666665,383.0,237,616,772013.0,data/m1A_Alexa647.tif,m1A,Alexa647
84,85,284.03423423423425,282.0,177,411,892496.5,data/m1A_Alexa647.tif,m1A,Alexa647
85,86,226.97402597402598,227.0,173,288,525195.5,data/m1A_Alexa647.tif,m1A,Alexa647
86,87,228.48698099929626,228.0,170,298,831937.5,data/m1A_Alexa647.tif,m1A,Alexa647
87,88,270.3038401660612,270.0,197,349,518497.0,data/m1A_Alexa647.tif,m1A,Alexa647
88,89,286.9074937810945,292.0,147,384,736544.5,data/m1A_Alexa647.tif,m1A,Alexa647
89,90,326.20346320346323,323.0,215,497,715798.5,data/m1A_Alexa647.tif,m1A,Alexa647
90,91,2084.4025210084033,2028.5,262,3680,764624.0,data/m1A_Alexa647.tif,m1A,Alexa647
91,92,265.6924068199841,266.0,157,565,1170119.5,data/m1A_Alexa647.tif,m1A,Alexa647
92,93,395.7617924528302,401.0,163,729,369113.0,data/m1A_Alexa647.tif,m1A,Alexa647
93,94,243.88454280322526,242.0,150,350,699116.5,data/m1A_Alexa647.tif,m1A,Alexa647
94,95,208.9688888888889,206.0,140,300,338650.5,data/m1A_Alexa647.tif,m1A,Alexa647
95,96,227.07449494949495,226.0,185,289,321343.5,data/m1A_Alexa647.tif,m1A,Alexa647
96,97,261.44061895551255,259.0,195,335,366751.0,data/m1A_Alexa647.tif,m1A,Alexa647
97,98,221.4852187623177,223.0,158,289,603294.5,data/m1A_Alexa647.tif,m1A,Alexa647
98,99,222.10876623376623,222.0,156,356,434140.5,data/m1A_Alexa647.tif,m1A,Alexa647
99,100,241.02360817477097,247.0,157,333,376105.0,data/m1A_Alexa647.tif,m1A,Alexa647
100,101,221.45349794238683,221.0,173,280,301517.5,data/m1A_Alexa647.tif,m1A,Alexa647
101,102,247.03686200378073,248.0,165,314,462978.0,data/m1A_Alexa647.tif,m1A,Alexa647
102,103,469.4950657894737,475.0,170,708,347203.0,data/m1A_Alexa647.tif,m1A,Alexa647
103,104,3920.2371541501975,4147.0,233,8148,725067.0,data/m1A_Alexa647.tif,m1A,Alexa647
104,105,3358.1359064327485,3367.0,644,6180,571799.0,data/m1A_Alexa647.tif,m1A,Alexa647
105,106,1197.9037037037037,1173.0,409,3577,415788.0,data/m1A_Alexa647.tif,m1A,Alexa647
106,107,230.90297758447642,234.0,153,315,352311.5,data/m1A_Alexa647.tif,m1A,Alexa647
107,108,222.37544982007196,221.0,159,313,309077.5,data/m1A_Alexa647.tif,m1A,Alexa647
108,109,402.97412109375,405.0,226,553,538254.5,data/m1A_Alexa647.tif,m1A,Alexa647
109,110,384.91530054644807,395.0,177,554,487227.0,data/m1A_Alexa647.tif,m1A,Alexa647
110,111,659.1989711934157,549.0,191,2168,621854.0,data/m1A_Alexa647.tif,m1A,Alexa647
111,112,599.1678806798474,578.0,309,1142,811754.5,data/m1A_Alexa647.tif,m1A,Alexa647
112,113,603.0831896551724,600.0,362,867,626452.0,data/m1A_Alexa647.tif,m1A,Alexa647
113,114,397.0594315245478,402.0,265,503,357274.0,data/m1A_Alexa647.tif,m1A,Alexa647
114,115,3522.1151729559747,3521.0,1583,6169,317362.5,data/m1A_Alexa647.tif,m1A,Alexa647
115,116,247.85235920852358,251.0,161,317,595336.0,data/m1A_Alexa647.tif,m1A,Alexa647
116,117,1511.324780058651,1381.5,179,5468,536022.0,data/m1A_Alexa647.tif,m1A,Alexa647
117,118,425.90488732806557,429.0,178,809,441926.5,data/m1A_Alexa647.tif,m1A,Alexa647
118,119,267.5778409090909,272.0,150,398,698576.0,data/m1A_Alexa647.tif,m1A,Alexa647
119,120,316.3887543718052,313.0,200,493,535906.0,data/m1A_Alexa647.tif,m1A,Alexa647
120,121,388.27418154761904,394.0,150,604,327771.5,data/m1A_Alexa647.tif,m1A,Alexa647
121,122,1630.5513432835821,1699.5,293,2969,353584.5,data/m1A_Alexa647.tif,m1A,Alexa647
122,123,230.2906190393619,230.0,153,335,669331.5,data/m1A_Alexa647.tif,m1A,Alexa647
123,124,310.33236621534496,317.0,175,407,374886.5,data/m1A_Alexa647.tif,m1A,Alexa647
124,125,464.99322169059013,487.0,163,1590,339412.0,data/m1A_Alexa647.tif,m1A,Alexa647
125,126,1966.8460530625614,1970.0,553,3520,743739.5,data/m1A_Alexa647.tif,m1A,Alexa647
126,127,317.88621794871796,316.0,181,450,824856.5,data/m1A_Alexa647.tif,m1A,Alexa647
127,128,1790.1805758017492,1716.0,219,3749,651284.5,data/m1A_Alexa647.tif,m1A,Alexa647
128,129,1982.5250626566417,1872.0,661,3738,672071.0,data/m1A_Alexa647.tif,m1A,Alexa647
129,130,877.5316067947647,845.0,198,2156,447234.5,data/m1A_Alexa647.tif,m1A,Alexa647
130,131,581.5158005617977,470.0,149,1838,354199.5,data/m1A_Alexa647.tif,m1A,Alexa647
131,132,343.41854990583806,348.0,164,475,769346.5,data/m1A_Alexa647.tif,m1A,Alexa647
132,133,273.6017512077295,275.0,155,355,481580.5,data/m1A_Alexa647.tif,m1A,Alexa647
133,134,350.43951612903226,341.0,241,717,535203.0,data/m1A_Alexa647.tif,m1A,Alexa647
134,135,274.21489665003566,283.0,154,455,380595.0,data/m1A_Alexa647.tif,m1A,Alexa647
135,136,298.09589041095893,307.0,163,390,525549.0,data/m1A_Alexa647.tif,m1A,Alexa647
136,137,237.4985754985755,238.0,154,306,369319.0,data/m1A_Alexa647.tif,m1A,Alexa647
137,138,244.74169278996865,244.0,187,306,450050.5,data/m1A_Alexa647.tif,m1A,Alexa647
138,139,223.76949602122016,224.0,154,278,497564.0,data/m1A_Alexa647.tif,m1A,Alexa647
139,140,242.5395652173913,243.0,174,297,339244.0,data/m1A_Alexa647.tif,m1A,Alexa647
140,141,233.1162721893491,234.0,167,303,475710.5,data/m1A_Alexa647.tif,m1A,Alexa647
141,142,373.35041551246536,369.0,208,501,295077.0,data/m1A_Alexa647.tif,m1A,Alexa647
142,143,1200.2920104211898,948.0,379,4035,568054.0,data/m1A_Alexa647.tif,m1A,Alexa647
143,144,265.80116959064327,265.0,187,352,549096.5,data/m1A_Alexa647.tif,m1A,Alexa647
144,145,376.99603873239437,384.0,179,517,589220.5,data/m1A_Alexa647.tif,m1A,Alexa647
145,146,296.8967136150235,299.0,154,413,350786.5,data/m1A_Alexa647.tif,m1A,Alexa647
146,147,358.90625,371.0,160,569,436253.0,data/m1A_Alexa647.tif,m1A,Alexa647
147,148,228.62152133580705,229.0,168,272,312432.5,data/m1A_Alexa647.tif,m1A,Alexa647
148,149,239.50219298245614,239.0,189,293,455130.5,data/m1A_Alexa647.tif,m1A,Alexa647
149,150,230.42013888888889,233.0,147,300,545225.5,data/m1A_Alexa647.tif,m1A,Alexa647
150,151,353.36360729133355,355.0,180,534,381577.0,data/m1A_Alexa647.tif,m1A,Alexa647
151,152,517.7990672366886,532.0,169,776,774708.0,data/m1A_Alexa647.tif,m1A,Alexa647
152,153,2559.839285714286,2549.5,1262,3785,455338.5,data/m1A_Alexa647.tif,m1A,Alexa647
153,154,297.1938217605249,308.0,155,480,406419.5,data/m1A_Alexa647.tif,m1A,Alexa647
154,155,380.4220430107527,383.0,160,725,879615.5,data/m1A_Alexa647.tif,m1A,Alexa647
155,156,329.1000658327847,331.0,197,450,402395.0,data/m1A_Alexa647.tif,m1A,Alexa647
156,157,255.64935064935065,258.0,151,341,670954.0,data/m1A_Alexa647.tif,m1A,Alexa647
157,158,255.8487411487018,256.0,159,368,631600.0,data/m1A_Alexa647.tif,m1A,Alexa647
158,159,270.6896551724138,270.0,209,358,466074.5,data/m1A_Alexa647.tif,m1A,Alexa647
159,160,353.95346385542166,354.0,193,511,858331.0,data/m1A_Alexa647.tif,m1A,Alexa647
160,161,466.9536580133019,462.0,276,678,596602.0,data/m1A_Alexa647.tif,m1A,Alexa647
161,162,363.2599173553719,366.0,180,458,292861.0,data/m1A_Alexa647.tif,m1A,Alexa647
162,163,331.7284498705142,336.0,161,428,349777.5,data/m1A_Alexa647.tif,m1A,Alexa647
163,164,1086.605294117647,1031.5,474,3027,496031.0,data/m1A_Alexa647.tif,m1A,Alexa647
164,165,1083.097543859649,1001.0,395,4086,381277.0,data/m1A_Alexa647.tif,m1A,Alexa647
165,166,258.6357670221493,260.0,159,344,507588.0,data/m1A_Alexa647.tif,m1A,Alexa647
166,167,293.9905641025641,295.0,204,396,626015.0,data/m1A_Alexa647.tif,m1A,Alexa647
167,168,258.33914262820514,260.0,159,336,691330.5,data/m1A_Alexa647.tif,m1A,Alexa647
168,169,612.7049819927971,536.0,369,2764,429893.0,data/m1A_Alexa647.tif,m1A,Alexa647
169,170,649.5245949074074,633.5,194,1243,415807.0,data/m1A_Alexa647.tif,m1A,Alexa647
170,171,266.4731355252606,265.0,203,342,701208.5,data/m1A_Alexa647.tif,m1A,Alexa647
171,172,221.21014492753622,223.0,149,285,570052.0,data/m1A_Alexa647.tif,m1A,Alexa647
172,173,230.73292244478685,232.5,154,304,499419.5,data/m1A_Alexa647.tif,m1A,Alexa647
173,174,229.81034088309312,233.0,154,320,450328.0,data/m1A_Alexa647.tif,m1A,Alexa647
174,175,783.7772915434654,643.0,236,3382,1061037.5,data/m1A_Alexa647.tif,m1A,Alexa647
175,176,2180.428472342639,2136.0,351,4921,800699.0,data/m1A_Alexa647.tif,m1A,Alexa647
176,177,316.78661616161617,323.0,167,553,698578.5,data/m1A_Alexa647.tif,m1A,Alexa647
177,178,275.09858532272324,274.0,200,353,301619.5,data/m1A_Alexa647.tif,m1A,Alexa647
178,179,298.58376623376626,308.0,156,389,403084.5,data/m1A_Alexa647.tif,m1A,Alexa647
179,180,280.51384015594545,283.0,175,359,323603.0,data/m1A_Alexa647.tif,m1A,Alexa647
180,181,342.37052986332145,336.0,162,574,1068812.0,data/m1A_Alexa647.tif,m1A,Alexa647
181,182,276.4173998044966,281.0,159,371,532590.0,data/m1A_Alexa647.tif,m1A,Alexa647
182,183,241.78102297998518,242.0,171,306,930338.0,data/m1A_Alexa647.tif,m1A,Alexa647
183,184,245.5865943432778,247.0,171,310,691861.0,data/m1A_Alexa647.tif,m1A,Alexa647
184,185,338.1565454254126,346.0,159,513,809020.0,data/m1A_Alexa647.tif,m1A,Alexa647
185,186,335.0850762141085,312.0,210,710,781237.0,data/m1A_Alexa647.tif,m1A,Alexa647
186,187,267.3423602814284,268.0,191,390,1102975.0,data/m1A_Alexa647.tif,m1A,Alexa647
187,188,201.4862277213139,185.0,138,316,850831.5,data/m1A_Alexa647.tif,m1A,Alexa647
188,189,316.2639029322548,319.0,184,387,386515.0,data/m1A_Alexa647.tif,m1A,Alexa647
189,190,324.0282485875706,322.0,187,431,478034.5,data/m1A_Alexa647.tif,m1A,Alexa647
190,191,302.16750926862153,307.0,157,421,689984.0,data/m1A_Alexa647.tif,m1A,Alexa647
191,192,2945.473607748184,3014.0,901,4879,462477.5,data/m1A_Alexa647.tif,m1A,Alexa647
192,193,345.52012882447667,342.0,191,625,857839.5,data/m1A_Alexa647.tif,m1A,Alexa647
193,194,245.15875334794254,246.0,155,351,987402.0,data/m1A_Alexa647.tif,m1A,Alexa647
194,195,209.700625,210.0,142,261,466469.0,data/m1A_Alexa647.tif,m1A,Alexa647
195,196,230.73337856173677,231.0,173,296,344329.5,data/m1A_Alexa647.tif,m1A,Alexa647
196,197,320.1741935483871,321.0,201,469,522517.0,data/m1A_Alexa647.tif,m1A,Alexa647
197,198,3411.473076923077,3513.5,906,6198,606221.0,data/m1A_Alexa647.tif,m1A,Alexa647
198,199,687.0287545787546,680.0,160,1673,737887.5,data/m1A_Alexa647.tif,m1A,Alexa647
199,200,274.2010563380282,274.0,186,354,729467.0,data/m1A_Alexa647.tif,m1A,Alexa647
200,201,297.13045912653973,300.0,145,956,665841.0,data/m1A_Alexa647.tif,m1A,Alexa647
201,202,337.46675712347354,340.0,219,476,495965.5,data/m1A_Alexa647.tif,m1A,Alexa647
202,203,323.7916666666667,324.0,224,420,337688.5,data/m1A_Alexa647.tif,m1A,Alexa647
203,204,360.82788539144474,356.0,227,1126,717938.0,data/m1A_Alexa647.tif,m1A,Alexa647
204,205,2920.20908293111,2806.0,260,5586,592701.0,data/m1A_Alexa647.tif,m1A,Alexa647
205,206,400.7508080155139,398.0,165,651,800434.0,data/m1A_Alexa647.tif,m1A,Alexa647
206,207,230.57625570776256,231.0,160,330,559188.5,data/m1A_Alexa647.tif,m1A,Alexa647
207,208,228.8935344827586,229.0,152,303,351022.5,data/m1A_Alexa647.tif,m1A,Alexa647
208,209,236.05586892291163,235.0,168,311,451445.0,data/m1A_Alexa647.tif,m1A,Alexa647
209,210,229.61865942028984,230.0,163,292,455524.0,data/m1A_Alexa647.tif,m1A,Alexa647
210,211,282.79771505376345,284.0,164,381,612443.0,data/m1A_Alexa647.tif,m1A,Alexa647
211,212,237.43888206388206,239.0,150,309,475663.0,data/m1A_Alexa647.tif,m1A,Alexa647
212,213,242.3225581395349,242.0,179,312,552831.0,data/m1A_Alexa647.tif,m1A,Alexa647
213,214,755.230669265757,771.0,220,2222,428128.0,data/m1A_Alexa647.tif,m1A,Alexa647
214,215,265.98545454545456,270.0,159,362,533254.0,data/m1A_Alexa647.tif,m1A,Alexa647
215,216,237.34881630206772,237.0,164,307,391067.0,data/m1A_Alexa647.tif,m1A,Alexa647
216,217,292.0637254901961,281.0,180,820,606989.0,data/m1A_Alexa647.tif,m1A,Alexa647
217,218,284.74670846394986,288.0,161,382,426409.5,data/m1A_Alexa647.tif,m1A,Alexa647
218,219,308.2817693059629,303.0,211,691,561781.0,data/m1A_Alexa647.tif,m1A,Alexa647
219,220,223.2567997685185,222.0,144,326,792598.5,data/m1A_Alexa647.tif,m1A,Alexa647
220,221,1721.8195382882882,1181.0,352,7661,453086.5,data/m1A_Alexa647.tif,m1A,Alexa647
221,222,434.425,418.0,178,924,369155.5,data/m1A_Alexa647.tif,m1A,Alexa647
222,223,250.03093890298652,248.0,152,618,1453122.0,data/m1A_Alexa647.tif,m1A,Alexa647
223,224,229.1415711947627,229.0,174,282,299943.5,data/m1A_Alexa647.tif,m1A,Alexa647
224,225,237.52924325614705,238.0,169,316,603736.5,data/m1A_Alexa647.tif,m1A,Alexa647
225,226,2017.722669735328,2152.0,221,3489,791618.0,data/m1A_Alexa647.tif,m1A,Alexa647
226,227,257.27351598173516,258.0,191,351,571843.0,data/m1A_Alexa647.tif,m1A,Alexa647
227,228,264.1547619047619,263.0,174,359,782740.0,data/m1A_Alexa647.tif,m1A,Alexa647
228,229,260.61129943502823,261.0,177,321,332857.0,data/m1A_Alexa647.tif,m1A,Alexa647
229,230,257.0499194847021,260.0,151,333,472935.5,data/m1A_Alexa647.tif,m1A,Alexa647
230,231,257.44897959183675,257.0,187,319,402655.0,data/m1A_Alexa647.tif,m1A,Alexa647
231,232,283.0555194805195,282.0,221,389,371789.0,data/m1A_Alexa647.tif,m1A,Alexa647
232,233,286.9307692307692,288.0,151,403,821088.5,data/m1A_Alexa647.tif,m1A,Alexa647
233,234,347.0655114116653,332.0,146,973,519724.0,data/m1A_Alexa647.tif,m1A,Alexa647
234,235,281.58434343434345,286.0,151,387,1009246.5,data/m1A_Alexa647.tif,m1A,Alexa647
235,236,336.90573099415207,337.0,158,829,577275.0,data/m1A_Alexa647.tif,m1A,Alexa647
236,237,283.65595611285266,280.0,220,419,358546.0,data/m1A_Alexa647.tif,m1A,Alexa647
237,238,280.48015548281506,280.0,192,395,747093.5,data/m1A_Alexa647.tif,m1A,Alexa647
238,239,3358.3935340022294,3378.0,230,5799,752744.5,data/m1A_Alexa647.tif,m1A,Alexa647
239,240,2333.542857142857,2344.0,933,3987,439250.5,data/m1A_Alexa647.tif,m1A,Alexa647
240,241,815.8238016300594,662.5,169,3284,1995802.0,data/m1A_Alexa647.tif,m1A,Alexa647
241,242,205.4885316958642,193.0,143,309,650805.5,data/m1A_Alexa647.tif,m1A,Alexa647
242,243,213.09829545454545,207.0,137,342,372188.0,data/m1A_Alexa647.tif,m1A,Alexa647
243,244,229.73923959827835,230.0,162,299,354391.0,data/m1A_Alexa647.tif,m1A,Alexa647
244,245,257.31872605363986,260.0,165,323,549454.5,data/m1A_Alexa647.tif,m1A,Alexa647
245,246,859.5394335511983,603.0,203,3766,291318.0,data/m1A_Alexa647.tif,m1A,Alexa647
246,247,273.5136302294197,274.0,194,369,516492.0,data/m1A_Alexa647.tif,m1A,Alexa647
247,248,275.5662337662338,274.0,158,888,704313.5,data/m1A_Alexa647.tif,m1A,Alexa647
248,249,308.5934426229508,312.0,171,403,490670.0,data/m1A_Alexa647.tif,m1A,Alexa647
249,250,1945.3993506493507,1703.0,733,4963,597505.5,data/m1A_Alexa647.tif,m1A,Alexa647
250,251,1121.0364435254587,966.0,189,4973,953635.0,data/m1A_Alexa647.tif,m1A,Alexa647
251,252,282.45041983206715,279.0,183,413,676880.5,data/m1A_Alexa647.tif,m1A,Alexa647
252,253,256.28108369617803,255.0,195,325,287456.0,data/m1A_Alexa647.tif,m1A,Alexa647
253,254,263.35760667903526,263.0,193,361,297383.0,data/m1A_Alexa647.tif,m1A,Alexa647
254,255,238.59686888454013,238.0,184,293,575146.5,data/m1A_Alexa647.tif,m1A,Alexa647
255,256,277.6029304029304,278.0,187,346,370288.0,data/m1A_Alexa647.tif,m1A,Alexa647
256,257,669.8934744268078,640.0,192,1840,658263.5,data/m1A_Alexa647.tif,m1A,Alexa647
257,258,303.99652777777777,305.0,190,411,590385.0,data/m1A_Alexa647.tif,m1A,Alexa647
258,259,233.62196078431373,238.0,150,311,631951.0,data/m1A_Alexa647.tif,m1A,Alexa647
259,260,244.77380952380952,245.0,189,309,454494.0,data/m1A_Alexa647.tif,m1A,Alexa647
260,261,1368.680033769523,1323.0,284,4132,684067.0,data/m1A_Alexa647.tif,m1A,Alexa647
261,262,1754.4531807093263,1694.0,201,5980,469065.5,data/m1A_Alexa647.tif,m1A,Alexa647
262,263,380.5383252104564,377.0,201,589,622123.5,data/m1A_Alexa647.tif,m1A,Alexa647
263,264,325.39232138316805,329.0,207,412,480081.5,data/m1A_Alexa647.tif,m1A,Alexa647
264,265,461.114657814096,442.0,198,868,526690.5,data/m1A_Alexa647.tif,m1A,Alexa647
265,266,503.6419878296146,503.0,192,899,539744.5,data/m1A_Alexa647.tif,m1A,Alexa647
266,267,221.0327380952381,221.0,152,276,507834.5,data/m1A_Alexa647.tif,m1A,Alexa647
267,268,215.72491228070174,217.0,142,278,704196.5,data/m1A_Alexa647.tif,m1A,Alexa647
268,269,222.90706006322443,224.0,148,282,632955.5,data/m1A_Alexa647.tif,m1A,Alexa647
269,270,247.55689747718733,246.0,198,344,501397.0,data/m1A_Alexa647.tif,m1A,Alexa647
270,271,460.3722334004024,483.0,169,735,980491.0,data/m1A_Alexa647.tif,m1A,Alexa647
271,272,1205.339704896043,1311.0,180,2421,750577.0,data/m1A_Alexa647.tif,m1A,Alexa647
272,273,1108.6338448422848,1150.5,207,2010,302090.5,data/m1A_Alexa647.tif,m1A,Alexa647
273,274,2181.417439703154,2103.0,768,4434,417567.5,data/m1A_Alexa647.tif,m1A,Alexa647
274,275,1828.1048177083333,1859.0,819,2917,425365.0,data/m1A_Alexa647.tif,m1A,Alexa647
275,276,360.100202020202,358.0,280,458,312807.0,data/m1A_Alexa647.tif,m1A,Alexa647
276,277,397.4596053611318,406.0,152,701,586415.0,data/m1A_Alexa647.tif,m1A,Alexa647
277,278,423.6780736684918,421.0,281,570,1155454.0,data/m1A_Alexa647.tif,m1A,Alexa647
278,279,3107.643599257885,3216.0,261,6244,642578.5,data/m1A_Alexa647.tif,m1A,Alexa647
279,280,294.33406593406596,294.0,200,720,712402.5,data/m1A_Alexa647.tif,m1A,Alexa647
280,281,317.5828282828283,313.0,158,945,863561.0,data/m1A_Alexa647.tif,m1A,Alexa647
281,282,278.97056856187294,278.0,198,368,510427.5,data/m1A_Alexa647.tif,m1A,Alexa647
282,283,1212.943265362741,1260.0,294,2054,912569.0,data/m1A_Alexa647.tif,m1A,Alexa647
283,284,1687.127670940171,1760.0,682,3469,497382.5,data/m1A_Alexa647.tif,m1A,Alexa647
284,285,272.2022471910112,277.0,160,437,685999.5,data/m1A_Alexa647.tif,m1A,Alexa647
285,286,326.1407624633431,335.0,161,417,441033.0,data/m1A_Alexa647.tif,m1A,Alexa647
286,287,283.61553398058254,282.0,174,487,893286.5,data/m1A_Alexa647.tif,m1A,Alexa647
287,288,286.3798076923077,288.0,166,370,343286.5,data/m1A_Alexa647.tif,m1A,Alexa647
288,289,260.89955022488755,262.0,177,322,378266.5,data/m1A_Alexa647.tif,m1A,Alexa647
289,290,233.97958214624882,232.0,148,325,873519.0,data/m1A_Alexa647.tif,m1A,Alexa647
290,291,279.50410412757975,283.0,167,364,956524.0,data/m1A_Alexa647.tif,m1A,Alexa647
291,292,280.8304498269896,279.0,206,383,476682.5,data/m1A_Alexa647.tif,m1A,Alexa647
292,293,183.93685419058554,177.0,140,271,493828.5,data/m1A_Alexa647.tif,m1A,Alexa647
293,294,393.5461065573771,401.0,172,610,442746.5,data/m1A_Alexa647.tif,m1A,Alexa647
294,295,252.43919745534623,255.0,160,322,556013.5,data/m1A_Alexa647.tif,m1A,Alexa647
295,296,244.90799297321036,247.0,156,313,609871.0,data/m1A_Alexa647.tif,m1A,Alexa647
296,297,263.0101928374656,264.5,168,366,400473.5,data/m1A_Alexa647.tif,m1A,Alexa647
297,298,269.9909786768726,276.0,151,399,749418.0,data/m1A_Alexa647.tif,m1A,Alexa647
298,299,294.4346746799059,290.0,178,494,979574.0,data/m1A_Alexa647.tif,m1A,Alexa647
299,300,282.69363707776904,282.0,205,383,514871.5,data/m1A_Alexa647.tif,m1A,Alexa647
