cell_ID	range	bin	ratio	bio_ID	Index	run	label_short	dist_to_central_vein(pixels)	dist_to_portal_vein(pixels)	sum_distance	included	Hepatocyte
m4A_37_target8	[0.0249,0.0724]	11	0.05505279034690799	m4A	162	37	8	1253	73	1326	TRUE	TRUE
m5C_30_target8	[0.0249,0.0724]	11	0.05511811023622047	m5C	126	30	8	840	49	889	TRUE	TRUE
m5C_35_target4	[0.0249,0.0724]	11	0.03263157894736842	m5C	136	35	4	919	31	950	TRUE	TRUE
m3B_10_target8	[0.0249,0.0724]	11	0.024868123587038434	m3B	173	10	8	1294	33	1327	TRUE	TRUE
m3B_20_target4	[0.0249,0.0724]	11	0.0391644908616188	m3B	193	20	4	736	30	766	TRUE	TRUE
m3B_36_target4	[0.0249,0.0724]	11	0.04318936877076412	m3B	269	36	4	864	39	903	TRUE	TRUE
m4A_03_target8	(0.0724,0.12]	10	0.1017463933181473	m4A	28	3	8	1183	134	1317	TRUE	TRUE
m4A_15_target8	(0.0724,0.12]	10	0.09882583170254403	m4A	74	15	8	921	101	1022	TRUE	TRUE
m4A_34_target4	(0.0724,0.12]	10	0.10915492957746478	m4A	134	34	4	1265	155	1420	TRUE	TRUE
m5C_20_target4	(0.0724,0.12]	10	0.08608695652173913	m5C	62	20	4	1051	99	1150	TRUE	TRUE
m5C_43_target8	(0.0724,0.12]	10	0.08670143415906127	m5C	174	43	8	1401	133	1534	TRUE	TRUE
m3B_35_target8	(0.0724,0.12]	10	0.07275953859804792	m3B	289	35	8	1045	82	1127	TRUE	TRUE
m3B_60_target4	(0.0724,0.12]	10	0.07740916271721959	m3B	186	60	4	584	49	633	TRUE	TRUE
m4A_09_target4	(0.12,0.167]	9	0.14669223394055608	m4A	18	9	4	890	153	1043	TRUE	TRUE
m4A_02_target8	(0.12,0.167]	9	0.16350496838301717	m4A	26	2	8	926	181	1107	TRUE	TRUE
m4A_37_target4	(0.12,0.167]	9	0.1258191349934469	m4A	140	37	4	667	96	763	TRUE	TRUE
m4A_41_target8	(0.12,0.167]	9	0.1306122448979592	m4A	170	41	8	1278	192	1470	TRUE	TRUE
m4A_69_target4	(0.12,0.167]	9	0.13	m4A	270	69	4	957	143	1100	TRUE	TRUE
m5C_41_target4	(0.12,0.167]	9	0.13414634146341464	m5C	148	41	4	1136	176	1312	TRUE	TRUE
m5C_54_target4	(0.12,0.167]	9	0.13166855845629966	m5C	196	54	4	765	116	881	TRUE	TRUE
m3B_11_target8	(0.12,0.167]	9	0.16391509433962265	m3B	175	11	8	709	139	848	TRUE	TRUE
m3B_51_target8	(0.12,0.167]	9	0.1627450980392157	m3B	168	51	8	854	166	1020	TRUE	TRUE
m3B_55_target8	(0.12,0.167]	9	0.1360381861575179	m3B	176	55	8	724	114	838	TRUE	TRUE
m4A_24_target8	(0.167,0.215]	8	0.1729264475743349	m4A	114	24	8	1057	221	1278	TRUE	TRUE
m4A_45_target8	(0.167,0.215]	8	0.20403225806451614	m4A	200	45	8	987	253	1240	TRUE	TRUE
m4A_49_target8	(0.167,0.215]	8	0.1732142857142857	m4A	208	49	8	1389	291	1680	TRUE	TRUE
m4A_70_target8	(0.167,0.215]	8	0.17229129662522202	m4A	294	70	8	932	194	1126	TRUE	TRUE
m4A_72_target8	(0.167,0.215]	8	0.18541033434650456	m4A	298	72	8	804	183	987	TRUE	TRUE
m5C_12_target8	(0.167,0.215]	8	0.21140142517814728	m5C	68	12	8	996	267	1263	TRUE	TRUE
m5C_37_target4	(0.167,0.215]	8	0.20418848167539266	m5C	140	37	4	1216	312	1528	TRUE	TRUE
m5C_40_target4	(0.167,0.215]	8	0.21004098360655737	m5C	146	40	4	771	205	976	TRUE	TRUE
m5C_62_target8	(0.167,0.215]	8	0.20378331900257954	m5C	256	62	8	926	237	1163	TRUE	TRUE
m5C_66_target8	(0.167,0.215]	8	0.17484662576687116	m5C	264	66	8	807	171	978	TRUE	TRUE
m3B_01_target8	(0.167,0.215]	8	0.18181818181818182	m3B	155	1	8	999	222	1221	TRUE	TRUE
m3B_22_target4	(0.167,0.215]	8	0.212636695018226	m3B	197	22	4	648	175	823	TRUE	TRUE
m3B_50_target4	(0.167,0.215]	8	0.1836734693877551	m3B	144	50	4	1080	243	1323	TRUE	TRUE
m3B_56_target8	(0.167,0.215]	8	0.1744765702891326	m3B	200	56	8	828	175	1003	TRUE	TRUE
m3B_74_target4	(0.167,0.215]	8	0.1763869132290185	m3B	236	74	4	579	124	703	TRUE	TRUE
m3B_74_target8	(0.167,0.215]	8	0.2013793103448276	m3B	258	74	8	579	146	725	TRUE	TRUE
m4A_17_target4	(0.215,0.262]	7	0.21731890091590342	m4A	56	17	4	940	261	1201	TRUE	TRUE
m4A_20_target4	(0.215,0.262]	7	0.22157996146435452	m4A	62	20	4	1212	345	1557	TRUE	TRUE
m4A_32_target8	(0.215,0.262]	7	0.25977653631284914	m4A	130	32	8	1060	372	1432	TRUE	TRUE
m4A_33_target8	(0.215,0.262]	7	0.23331709693132002	m4A	132	33	8	1574	479	2053	TRUE	TRUE
m4A_36_target8	(0.215,0.262]	7	0.22131147540983606	m4A	160	36	8	855	243	1098	TRUE	TRUE
m4A_38_target8	(0.215,0.262]	7	0.25014749262536873	m4A	164	38	8	1271	424	1695	TRUE	TRUE
m4A_60_target8	(0.215,0.262]	7	0.21802002224694106	m4A	252	60	8	703	196	899	TRUE	TRUE
m4A_76_target4	(0.215,0.262]	7	0.21993127147766323	m4A	284	76	4	1135	320	1455	TRUE	TRUE
m4A_67_target8	(0.215,0.262]	7	0.23515248796147672	m4A	288	67	8	953	293	1246	TRUE	TRUE
m5C_07_target8	(0.215,0.262]	7	0.24371069182389937	m5C	36	7	8	962	310	1272	TRUE	TRUE
m5C_39_target4	(0.215,0.262]	7	0.25418060200668896	m5C	144	39	4	669	228	897	TRUE	TRUE
m5C_49_target4	(0.215,0.262]	7	0.23315259488768397	m5C	186	49	4	990	301	1291	TRUE	TRUE
m5C_50_target8	(0.215,0.262]	7	0.21769297484822203	m5C	210	50	8	902	251	1153	TRUE	TRUE
m5C_57_target8	(0.215,0.262]	7	0.24329501915708812	m5C	246	57	8	790	254	1044	TRUE	TRUE
m3B_02_target8	(0.215,0.262]	7	0.21851542952460384	m3B	157	2	8	937	262	1199	TRUE	TRUE
m3B_12_target4	(0.215,0.262]	7	0.23	m3B	177	12	4	693	207	900	TRUE	TRUE
m3B_17_target4	(0.215,0.262]	7	0.24126268320180383	m3B	187	17	4	673	214	887	TRUE	TRUE
m3B_25_target4	(0.215,0.262]	7	0.2216599190283401	m3B	225	25	4	769	219	988	TRUE	TRUE
m3B_24_target8	(0.215,0.262]	7	0.25917297612114154	m3B	245	24	8	1272	445	1717	TRUE	TRUE
m3B_52_target8	(0.215,0.262]	7	0.22876447876447875	m3B	170	52	8	799	237	1036	TRUE	TRUE
m3B_53_target8	(0.215,0.262]	7	0.24983776768332253	m3B	172	53	8	1156	385	1541	TRUE	TRUE
m3B_66_target4	(0.215,0.262]	7	0.23184357541899442	m3B	198	66	4	825	249	1074	TRUE	TRUE
m4A_06_target8	(0.262,0.31]	6	0.26466480446927376	m4A	34	6	8	1053	379	1432	TRUE	TRUE
m4A_17_target8	(0.262,0.31]	6	0.30125195618153366	m4A	78	17	8	893	385	1278	TRUE	TRUE
m4A_26_target4	(0.262,0.31]	6	0.30465587044534415	m4A	96	26	4	1374	602	1976	TRUE	TRUE
m4A_33_target4	(0.262,0.31]	6	0.30473637176050045	m4A	110	33	4	778	341	1119	TRUE	TRUE
m4A_40_target4	(0.262,0.31]	6	0.27129337539432175	m4A	146	40	4	924	344	1268	TRUE	TRUE
m4A_55_target4	(0.262,0.31]	6	0.29963235294117646	m4A	198	55	4	1143	489	1632	TRUE	TRUE
m4A_59_target4	(0.262,0.31]	6	0.27559055118110237	m4A	228	59	4	828	315	1143	TRUE	TRUE
m5C_23_target4	(0.262,0.31]	6	0.3005128205128205	m5C	90	23	4	682	293	975	TRUE	TRUE
m5C_36_target4	(0.262,0.31]	6	0.3029715762273902	m5C	138	36	4	1079	469	1548	TRUE	TRUE
m5C_42_target8	(0.262,0.31]	6	0.26655490360435874	m5C	172	42	8	875	318	1193	TRUE	TRUE
m5C_55_target4	(0.262,0.31]	6	0.29423328964613366	m5C	198	55	4	1077	449	1526	TRUE	TRUE
m5C_48_target8	(0.262,0.31]	6	0.29760923330585326	m5C	206	48	8	852	361	1213	TRUE	TRUE
m5C_59_target8	(0.262,0.31]	6	0.29376854599406527	m5C	250	59	8	714	297	1011	TRUE	TRUE
m5C_61_target8	(0.262,0.31]	6	0.2912723449001052	m5C	254	61	8	674	277	951	TRUE	TRUE
m5C_67_target4	(0.262,0.31]	6	0.30419977298524403	m5C	266	67	4	613	268	881	TRUE	TRUE
m3B_15_target4	(0.262,0.31]	6	0.29904306220095694	m3B	183	15	4	879	375	1254	TRUE	TRUE
m3B_19_target4	(0.262,0.31]	6	0.28844404003639673	m3B	191	19	4	782	317	1099	TRUE	TRUE
m3B_25_target8	(0.262,0.31]	6	0.3046875	m3B	247	25	8	534	234	768	TRUE	TRUE
m4A_01_target8	(0.31,0.357]	5	0.349232012934519	m4A	24	1	8	805	432	1237	TRUE	TRUE
m4A_07_target8	(0.31,0.357]	5	0.31197771587743733	m4A	36	7	8	988	448	1436	TRUE	TRUE
m4A_19_target4	(0.31,0.357]	5	0.3271889400921659	m4A	60	19	4	584	284	868	TRUE	TRUE
m4A_24_target4	(0.31,0.357]	5	0.35376532399299476	m4A	92	24	4	738	404	1142	TRUE	TRUE
m4A_38_target4	(0.31,0.357]	5	0.3242603550295858	m4A	142	38	4	1142	548	1690	TRUE	TRUE
m4A_44_target8	(0.31,0.357]	5	0.3323943661971831	m4A	176	44	8	711	354	1065	TRUE	TRUE
m5C_42_target4	(0.31,0.357]	5	0.3102310231023102	m5C	150	42	4	836	376	1212	TRUE	TRUE
m5C_52_target4	(0.31,0.357]	5	0.33924843423799583	m5C	192	52	4	633	325	958	TRUE	TRUE
m5C_63_target8	(0.31,0.357]	5	0.347246891651865	m5C	258	63	8	735	391	1126	TRUE	TRUE
m3B_07_target8	(0.31,0.357]	5	0.3402777777777778	m3B	167	7	8	760	392	1152	TRUE	TRUE
m3B_13_target4	(0.31,0.357]	5	0.34717607973421927	m3B	179	13	4	786	418	1204	TRUE	TRUE
m3B_18_target8	(0.31,0.357]	5	0.3170731707317073	m3B	211	18	8	812	377	1189	TRUE	TRUE
m3B_37_target4	(0.31,0.357]	5	0.3518324607329843	m3B	271	37	4	619	336	955	TRUE	TRUE
m3B_34_target8	(0.31,0.357]	5	0.354251012145749	m3B	287	34	8	638	350	988	TRUE	TRUE
m3B_45_target8	(0.31,0.357]	5	0.35132096683530073	m3B	156	45	8	1154	625	1779	TRUE	TRUE
m3B_59_target8	(0.31,0.357]	5	0.32090199479618386	m3B	206	59	8	783	370	1153	TRUE	TRUE
m4A_08_target8	(0.357,0.405]	4	0.39007580978635426	m4A	38	8	8	885	566	1451	TRUE	TRUE
m4A_15_target4	(0.357,0.405]	4	0.3963963963963964	m4A	52	15	4	737	484	1221	TRUE	TRUE
m4A_13_target8	(0.357,0.405]	4	0.3703170028818444	m4A	70	13	8	437	257	694	TRUE	TRUE
m4A_21_target8	(0.357,0.405]	4	0.3773250664304694	m4A	86	21	8	703	426	1129	TRUE	TRUE
m4A_39_target4	(0.357,0.405]	4	0.37897042716319823	m4A	144	39	4	1134	692	1826	TRUE	TRUE
m4A_46_target4	(0.357,0.405]	4	0.3976945244956772	m4A	180	46	4	627	414	1041	TRUE	TRUE
m4A_48_target8	(0.357,0.405]	4	0.377541142303969	m4A	206	48	8	643	390	1033	TRUE	TRUE
m4A_71_target8	(0.357,0.405]	4	0.38030424339471575	m4A	296	71	8	774	475	1249	TRUE	TRUE
m5C_44_target4	(0.357,0.405]	4	0.3693858845096242	m5C	154	44	4	688	403	1091	TRUE	TRUE
m5C_48_target4	(0.357,0.405]	4	0.37104072398190047	m5C	184	48	4	695	410	1105	TRUE	TRUE
m5C_57_target4	(0.357,0.405]	4	0.399624765478424	m5C	224	57	4	960	639	1599	TRUE	TRUE
m5C_58_target4	(0.357,0.405]	4	0.37328519855595665	m5C	226	58	4	868	517	1385	TRUE	TRUE
m3B_06_target8	(0.357,0.405]	4	0.37037037037037035	m3B	165	6	8	731	430	1161	TRUE	TRUE
m3B_24_target4	(0.357,0.405]	4	0.3853211009174312	m3B	223	24	4	469	294	763	TRUE	TRUE
m3B_32_target4	(0.357,0.405]	4	0.38728813559322034	m3B	239	32	4	723	457	1180	TRUE	TRUE
m3B_55_target4	(0.357,0.405]	4	0.38990267639902676	m3B	154	55	4	1003	641	1644	TRUE	TRUE
m3B_49_target8	(0.357,0.405]	4	0.36405178979436403	m3B	164	49	8	835	478	1313	TRUE	TRUE
m3B_58_target8	(0.357,0.405]	4	0.3624401913875598	m3B	204	58	8	533	303	836	TRUE	TRUE
m4A_04_target8	(0.405,0.452]	3	0.415916955017301	m4A	30	4	8	844	601	1445	TRUE	TRUE
m4A_27_target4	(0.405,0.452]	3	0.41312997347480107	m4A	98	27	4	885	623	1508	TRUE	TRUE
m4A_28_target4	(0.405,0.452]	3	0.409486931268151	m4A	100	28	4	1220	846	2066	TRUE	TRUE
m4A_42_target8	(0.405,0.452]	3	0.4420226678291194	m4A	172	42	8	640	507	1147	TRUE	TRUE
m4A_43_target8	(0.405,0.452]	3	0.4417879417879418	m4A	174	43	8	537	425	962	TRUE	TRUE
m4A_51_target8	(0.405,0.452]	3	0.45110410094637227	m4A	212	51	8	696	572	1268	TRUE	TRUE
m5C_07_target4	(0.405,0.452]	3	0.40548554484803556	m5C	14	7	4	802	547	1349	TRUE	TRUE
m5C_03_target8	(0.405,0.452]	3	0.4351610095735422	m5C	28	3	8	649	500	1149	TRUE	TRUE
m5C_06_target8	(0.405,0.452]	3	0.4487603305785124	m5C	34	6	8	667	543	1210	TRUE	TRUE
m5C_13_target4	(0.405,0.452]	3	0.4103863204559848	m5C	48	13	4	931	648	1579	TRUE	TRUE
m5C_14_target4	(0.405,0.452]	3	0.4454870420017873	m5C	50	14	4	1241	997	2238	TRUE	TRUE
m5C_15_target8	(0.405,0.452]	3	0.4408713692946058	m5C	74	15	8	539	425	964	TRUE	TRUE
m5C_20_target8	(0.405,0.452]	3	0.41545189504373176	m5C	84	20	8	802	570	1372	TRUE	TRUE
m5C_30_target4	(0.405,0.452]	3	0.405607476635514	m5C	104	30	4	636	434	1070	TRUE	TRUE
m5C_25_target8	(0.405,0.452]	3	0.4288577154308617	m5C	116	25	8	855	642	1497	TRUE	TRUE
m5C_27_target8	(0.405,0.452]	3	0.4523339907955293	m5C	120	27	8	833	688	1521	TRUE	TRUE
m5C_32_target8	(0.405,0.452]	3	0.4489795918367347	m5C	130	32	8	756	616	1372	TRUE	TRUE
m5C_44_target8	(0.405,0.452]	3	0.41611545399879735	m5C	176	44	8	971	692	1663	TRUE	TRUE
m5C_49_target8	(0.405,0.452]	3	0.45163690476190477	m5C	208	49	8	737	607	1344	TRUE	TRUE
m5C_71_target8	(0.405,0.452]	3	0.43612334801762115	m5C	296	71	8	768	594	1362	TRUE	TRUE
m3B_01_target4	(0.405,0.452]	3	0.4123314065510597	m3B	133	1	4	915	642	1557	TRUE	TRUE
m3B_02_target4	(0.405,0.452]	3	0.4346820809248555	m3B	135	2	4	978	752	1730	TRUE	TRUE
m3B_04_target4	(0.405,0.452]	3	0.4500354358610914	m3B	139	4	4	776	635	1411	TRUE	TRUE
m3B_43_target4	(0.405,0.452]	3	0.407514450867052	m3B	283	43	4	410	282	692	TRUE	TRUE
m3B_37_target8	(0.405,0.452]	3	0.44614003590664275	m3B	293	37	8	617	497	1114	TRUE	TRUE
m3B_47_target4	(0.405,0.452]	3	0.41994177583697234	m3B	138	47	4	797	577	1374	TRUE	TRUE
m3B_48_target4	(0.405,0.452]	3	0.44812680115273773	m3B	140	48	4	766	622	1388	TRUE	TRUE
m3B_61_target4	(0.405,0.452]	3	0.4388984509466437	m3B	188	61	4	326	255	581	TRUE	TRUE
m3B_60_target8	(0.405,0.452]	3	0.4307875894988067	m3B	208	60	8	954	722	1676	TRUE	TRUE
m3B_62_target8	(0.405,0.452]	3	0.43478260869565216	m3B	212	62	8	533	410	943	TRUE	TRUE
m4A_11_target4	(0.452,0.5]	2	0.4666666666666667	m4A	22	11	4	648	567	1215	TRUE	TRUE
m4A_10_target8	(0.452,0.5]	2	0.49082125603864735	m4A	42	10	8	527	508	1035	TRUE	TRUE
m4A_14_target4	(0.452,0.5]	2	0.45694200351493847	m4A	50	14	4	618	520	1138	TRUE	TRUE
m4A_26_target8	(0.452,0.5]	2	0.4592881521209166	m4A	118	26	8	1109	942	2051	TRUE	TRUE
m4A_43_target4	(0.452,0.5]	2	0.49889012208657046	m4A	152	43	4	903	899	1802	TRUE	TRUE
m4A_62_target8	(0.452,0.5]	2	0.4732984293193717	m4A	256	62	8	1006	904	1910	TRUE	TRUE
m5C_18_target4	(0.452,0.5]	2	0.45924627519719546	m5C	58	18	4	617	524	1141	TRUE	TRUE
m5C_25_target4	(0.452,0.5]	2	0.47265625	m5C	94	25	4	810	726	1536	TRUE	TRUE
m5C_29_target4	(0.452,0.5]	2	0.46175115207373274	m5C	102	29	4	584	501	1085	TRUE	TRUE
m5C_23_target8	(0.452,0.5]	2	0.47166521360069746	m5C	112	23	8	606	541	1147	TRUE	TRUE
m5C_34_target4	(0.452,0.5]	2	0.4780534351145038	m5C	134	34	4	547	501	1048	TRUE	TRUE
m5C_38_target4	(0.452,0.5]	2	0.4875156054931336	m5C	142	38	4	821	781	1602	TRUE	TRUE
m5C_47_target4	(0.452,0.5]	2	0.49876543209876545	m5C	182	47	4	609	606	1215	TRUE	TRUE
m5C_47_target8	(0.452,0.5]	2	0.4919396775871035	m5C	204	47	8	977	946	1923	TRUE	TRUE
m5C_54_target8	(0.452,0.5]	2	0.4775212636695018	m5C	218	54	8	430	393	823	TRUE	TRUE
m5C_61_target4	(0.452,0.5]	2	0.4743083003952569	m5C	232	61	4	665	600	1265	TRUE	TRUE
m5C_64_target8	(0.452,0.5]	2	0.49914529914529915	m5C	260	64	8	1172	1168	2340	TRUE	TRUE
m3B_05_target4	(0.452,0.5]	2	0.47602131438721135	m3B	141	5	4	590	536	1126	TRUE	TRUE
m3B_10_target4	(0.452,0.5]	2	0.47509578544061304	m3B	151	10	4	548	496	1044	TRUE	TRUE
m3B_16_target8	(0.452,0.5]	2	0.4576822916666667	m3B	207	16	8	833	703	1536	TRUE	TRUE
m3B_29_target4	(0.452,0.5]	2	0.499486125385406	m3B	233	29	4	487	486	973	TRUE	TRUE
m3B_34_target4	(0.452,0.5]	2	0.46378174976481656	m3B	265	34	4	570	493	1063	TRUE	TRUE
m3B_54_target8	(0.452,0.5]	2	0.45754716981132076	m3B	174	54	8	115	97	212	TRUE	TRUE
m3B_73_target8	(0.452,0.5]	2	0.4879807692307692	m3B	256	73	8	426	406	832	TRUE	TRUE
m3B_77_target8	(0.452,0.5]	2	0.4978494623655914	m3B	264	77	8	467	463	930	TRUE	TRUE
m4A_11_target8	(0.5,0.547]	1	0.5350076103500762	m4A	44	11	8	611	703	1314	TRUE	TRUE
m4A_21_target4	(0.5,0.547]	1	0.5007836990595611	m4A	64	21	4	637	639	1276	TRUE	TRUE
m4A_22_target4	(0.5,0.547]	1	0.5072024260803639	m4A	66	22	4	650	669	1319	TRUE	TRUE
m4A_16_target8	(0.5,0.547]	1	0.53984375	m4A	76	16	8	589	691	1280	TRUE	TRUE
m4A_23_target4	(0.5,0.547]	1	0.5102827763496144	m4A	90	23	4	381	397	778	TRUE	TRUE
m4A_25_target4	(0.5,0.547]	1	0.5	m4A	94	25	4	419	419	838	TRUE	TRUE
m4A_30_target4	(0.5,0.547]	1	0.5438247011952191	m4A	104	30	4	458	546	1004	TRUE	TRUE
m4A_32_target4	(0.5,0.547]	1	0.5131494547787043	m4A	108	32	4	759	800	1559	TRUE	TRUE
m4A_30_target8	(0.5,0.547]	1	0.5116120218579235	m4A	126	30	8	715	749	1464	TRUE	TRUE
m4A_44_target4	(0.5,0.547]	1	0.536833855799373	m4A	154	44	4	1182	1370	2552	TRUE	TRUE
m4A_35_target8	(0.5,0.547]	1	0.5	m4A	158	35	8	491	491	982	TRUE	TRUE
m4A_40_target8	(0.5,0.547]	1	0.5449526813880127	m4A	168	40	8	577	691	1268	TRUE	TRUE
m4A_54_target8	(0.5,0.547]	1	0.5319444444444444	m4A	218	54	8	674	766	1440	TRUE	TRUE
m4A_62_target4	(0.5,0.547]	1	0.5391246684350133	m4A	234	62	4	695	813	1508	TRUE	TRUE
m4A_63_target4	(0.5,0.547]	1	0.5466434176111595	m4A	236	63	4	520	627	1147	TRUE	TRUE
m5C_01_target4	(0.5,0.547]	1	0.5242080095636581	m5C	2	1	4	796	877	1673	TRUE	TRUE
m5C_06_target4	(0.5,0.547]	1	0.5188125647221263	m5C	12	6	4	1394	1503	2897	TRUE	TRUE
m5C_02_target8	(0.5,0.547]	1	0.509090909090909	m5C	26	2	8	486	504	990	TRUE	TRUE
m5C_19_target4	(0.5,0.547]	1	0.5186360031720857	m5C	60	19	4	607	654	1261	TRUE	TRUE
m5C_21_target4	(0.5,0.547]	1	0.5316642120765832	m5C	64	21	4	636	722	1358	TRUE	TRUE
m5C_43_target4	(0.5,0.547]	1	0.5224948875255624	m5C	152	43	4	467	511	978	TRUE	TRUE
m5C_34_target8	(0.5,0.547]	1	0.506514657980456	m5C	156	34	8	606	622	1228	TRUE	TRUE
m3B_03_target4	(0.5,0.547]	1	0.5010183299389002	m3B	137	3	4	735	738	1473	TRUE	TRUE
m3B_12_target8	(0.5,0.547]	1	0.5098360655737705	m3B	199	12	8	598	622	1220	TRUE	TRUE
m3B_15_target8	(0.5,0.547]	1	0.5224806201550387	m3B	205	15	8	308	337	645	TRUE	TRUE
m3B_27_target8	(0.5,0.547]	1	0.5032552083333334	m3B	251	27	8	763	773	1536	TRUE	TRUE
m3B_35_target4	(0.5,0.547]	1	0.5131729667812142	m3B	267	35	4	425	448	873	TRUE	TRUE
m3B_42_target4	(0.5,0.547]	1	0.5174337517433751	m3B	281	42	4	346	371	717	TRUE	TRUE
m3B_45_target4	(0.5,0.547]	1	0.5239398084815321	m3B	134	45	4	348	383	731	TRUE	TRUE
m3B_58_target4	(0.5,0.547]	1	0.5046808510638298	m3B	182	58	4	582	593	1175	TRUE	TRUE
m3B_63_target8	(0.5,0.547]	1	0.5338208409506399	m3B	214	63	8	510	584	1094	TRUE	TRUE
m3B_66_target8	(0.5,0.547]	1	0.5065502183406113	m3B	220	66	8	565	580	1145	TRUE	TRUE
m4A_04_target4	(0.547,0.595]	0	0.5916359163591636	m4A	8	4	4	332	481	813	TRUE	TRUE
m4A_05_target4	(0.547,0.595]	0	0.5810945273631841	m4A	10	5	4	842	1168	2010	TRUE	TRUE
m4A_07_target4	(0.547,0.595]	0	0.5700123915737298	m4A	14	7	4	1041	1380	2421	TRUE	TRUE
m4A_27_target8	(0.547,0.595]	0	0.5729665071770335	m4A	120	27	8	1071	1437	2508	TRUE	TRUE
m4A_47_target8	(0.547,0.595]	0	0.5575313807531381	m4A	204	47	8	423	533	956	TRUE	TRUE
m4A_52_target8	(0.547,0.595]	0	0.5898188937836515	m4A	214	52	8	838	1205	2043	TRUE	TRUE
m4A_72_target4	(0.547,0.595]	0	0.5514433752775721	m4A	276	72	4	606	745	1351	TRUE	TRUE
m4A_73_target8	(0.547,0.595]	0	0.5932773109243697	m4A	300	73	8	726	1059	1785	TRUE	TRUE
m5C_08_target4	(0.547,0.595]	0	0.5594504973945997	m5C	16	8	4	930	1181	2111	TRUE	TRUE
m5C_04_target8	(0.547,0.595]	0	0.5789029535864979	m5C	30	4	8	499	686	1185	TRUE	TRUE
m5C_09_target8	(0.547,0.595]	0	0.5631364562118126	m5C	40	9	8	429	553	982	TRUE	TRUE
m5C_10_target8	(0.547,0.595]	0	0.5917602996254682	m5C	42	10	8	436	632	1068	TRUE	TRUE
m5C_26_target4	(0.547,0.595]	0	0.5858511422254974	m5C	96	26	4	562	795	1357	TRUE	TRUE
m5C_45_target4	(0.547,0.595]	0	0.5940959409594095	m5C	178	45	4	660	966	1626	TRUE	TRUE
m5C_45_target8	(0.547,0.595]	0	0.5609756097560976	m5C	200	45	8	504	644	1148	TRUE	TRUE
m5C_59_target4	(0.547,0.595]	0	0.582326764144946	m5C	228	59	4	657	916	1573	TRUE	TRUE
m5C_69_target8	(0.547,0.595]	0	0.5831578947368421	m5C	292	69	8	396	554	950	TRUE	TRUE
m5C_70_target8	(0.547,0.595]	0	0.5655095184770437	m5C	294	70	8	388	505	893	TRUE	TRUE
m3B_21_target4	(0.547,0.595]	0	0.5833333333333334	m3B	195	21	4	330	462	792	TRUE	TRUE
m3B_30_target4	(0.547,0.595]	0	0.5940695296523517	m3B	235	30	4	397	581	978	TRUE	TRUE
m3B_30_target8	(0.547,0.595]	0	0.5762195121951219	m3B	257	30	8	417	567	984	TRUE	TRUE
m3B_32_target8	(0.547,0.595]	0	0.5864485981308412	m3B	261	32	8	531	753	1284	TRUE	TRUE
m3B_46_target4	(0.547,0.595]	0	0.5780160857908847	m3B	136	46	4	787	1078	1865	TRUE	TRUE
m3B_67_target4	(0.547,0.595]	0	0.5776566757493188	m3B	222	67	4	310	424	734	TRUE	TRUE
m3B_72_target4	(0.547,0.595]	0	0.553125	m3B	232	72	4	286	354	640	TRUE	TRUE
m4A_18_target4	(0.595,0.642]	1	0.6391270459859704	m4A	58	18	4	463	820	1283	TRUE	TRUE
m4A_35_target4	(0.595,0.642]	1	0.6363636363636364	m4A	136	35	4	332	581	913	TRUE	TRUE
m4A_41_target4	(0.595,0.642]	1	0.6352433764633395	m4A	148	41	4	592	1031	1623	TRUE	TRUE
m4A_46_target8	(0.595,0.642]	1	0.6044905008635578	m4A	202	46	8	458	700	1158	TRUE	TRUE
m4A_64_target8	(0.595,0.642]	1	0.6221142162818954	m4A	260	64	8	311	512	823	TRUE	TRUE
m4A_68_target4	(0.595,0.642]	1	0.629798903107861	m4A	268	68	4	405	689	1094	TRUE	TRUE
m4A_70_target4	(0.595,0.642]	1	0.6297898640296663	m4A	272	70	4	599	1019	1618	TRUE	TRUE
m4A_73_target4	(0.595,0.642]	1	0.6004343105320304	m4A	278	73	4	736	1106	1842	TRUE	TRUE
m4A_77_target4	(0.595,0.642]	1	0.5972222222222222	m4A	286	77	4	464	688	1152	TRUE	TRUE
m5C_10_target4	(0.595,0.642]	1	0.6179930795847751	m5C	20	10	4	552	893	1445	TRUE	TRUE
m5C_05_target8	(0.595,0.642]	1	0.6213063763608087	m5C	32	5	8	487	799	1286	TRUE	TRUE
m5C_12_target4	(0.595,0.642]	1	0.6081424936386769	m5C	46	12	4	616	956	1572	TRUE	TRUE
m5C_38_target8	(0.595,0.642]	1	0.6280344557556774	m5C	164	38	8	475	802	1277	TRUE	TRUE
m5C_46_target8	(0.595,0.642]	1	0.6380208333333334	m5C	202	46	8	417	735	1152	TRUE	TRUE
m5C_55_target8	(0.595,0.642]	1	0.632807570977918	m5C	220	55	8	582	1003	1585	TRUE	TRUE
m5C_65_target8	(0.595,0.642]	1	0.5966748768472906	m5C	262	65	8	655	969	1624	TRUE	TRUE
m5C_70_target4	(0.595,0.642]	1	0.6150602409638555	m5C	272	70	4	639	1021	1660	TRUE	TRUE
m5C_67_target8	(0.595,0.642]	1	0.6177884615384616	m5C	288	67	8	636	1028	1664	TRUE	TRUE
m3B_33_target8	(0.595,0.642]	1	0.6381832178598922	m3B	263	33	8	470	829	1299	TRUE	TRUE
m3B_57_target8	(0.595,0.642]	1	0.6231783483691881	m3B	202	57	8	543	898	1441	TRUE	TRUE
m3B_75_target4	(0.595,0.642]	1	0.6233254531126872	m3B	238	75	4	478	791	1269	TRUE	TRUE
m3B_76_target4	(0.595,0.642]	1	0.6325678496868476	m3B	240	76	4	528	909	1437	TRUE	TRUE
m3B_70_target8	(0.595,0.642]	1	0.5989847715736041	m3B	250	70	8	553	826	1379	TRUE	TRUE
m4A_01_target4	(0.642,0.69]	2	0.6759776536312849	m4A	2	1	4	348	726	1074	TRUE	TRUE
m4A_10_target4	(0.642,0.69]	2	0.6634016028495102	m4A	20	10	4	378	745	1123	TRUE	TRUE
m4A_13_target4	(0.642,0.69]	2	0.6549145299145299	m4A	48	13	4	323	613	936	TRUE	TRUE
m4A_16_target4	(0.642,0.69]	2	0.6620825147347741	m4A	54	16	4	344	674	1018	TRUE	TRUE
m4A_49_target4	(0.642,0.69]	2	0.6760082023239918	m4A	186	49	4	474	989	1463	TRUE	TRUE
m4A_53_target8	(0.642,0.69]	2	0.6736474694589878	m4A	216	53	8	561	1158	1719	TRUE	TRUE
m5C_03_target4	(0.642,0.69]	2	0.686247408431237	m5C	6	3	4	454	993	1447	TRUE	TRUE
m5C_05_target4	(0.642,0.69]	2	0.6548974943052391	m5C	10	5	4	909	1725	2634	TRUE	TRUE
m5C_15_target4	(0.642,0.69]	2	0.6515873015873016	m5C	52	15	4	439	821	1260	TRUE	TRUE
m5C_13_target8	(0.642,0.69]	2	0.6748188405797102	m5C	70	13	8	359	745	1104	TRUE	TRUE
m5C_22_target8	(0.642,0.69]	2	0.6450777202072538	m5C	88	22	8	274	498	772	TRUE	TRUE
m5C_26_target8	(0.642,0.69]	2	0.6650246305418719	m5C	118	26	8	408	810	1218	TRUE	TRUE
m5C_40_target8	(0.642,0.69]	2	0.66996699669967	m5C	168	40	8	400	812	1212	TRUE	TRUE
m5C_41_target8	(0.642,0.69]	2	0.6689734717416378	m5C	170	41	8	574	1160	1734	TRUE	TRUE
m5C_53_target4	(0.642,0.69]	2	0.654320987654321	m5C	194	53	4	308	583	891	TRUE	TRUE
m5C_60_target4	(0.642,0.69]	2	0.6629526462395543	m5C	230	60	4	242	476	718	TRUE	TRUE
m5C_72_target4	(0.642,0.69]	2	0.6529017857142857	m5C	276	72	4	311	585	896	TRUE	TRUE
m5C_77_target4	(0.642,0.69]	2	0.675473865594486	m5C	286	77	4	565	1176	1741	TRUE	TRUE
m3B_23_target8	(0.642,0.69]	2	0.6462522851919561	m3B	243	23	8	387	707	1094	TRUE	TRUE
m3B_68_target4	(0.642,0.69]	2	0.6439195100612424	m3B	224	68	4	407	736	1143	TRUE	TRUE
m4A_09_target8	(0.69,0.737]	3	0.7344827586206897	m4A	40	9	8	308	852	1160	TRUE	TRUE
m4A_12_target8	(0.69,0.737]	3	0.7098865478119936	m4A	68	12	8	358	876	1234	TRUE	TRUE
m4A_18_target8	(0.69,0.737]	3	0.6972147349505841	m4A	80	18	8	337	776	1113	TRUE	TRUE
m4A_31_target4	(0.69,0.737]	3	0.724390243902439	m4A	106	31	4	339	891	1230	TRUE	TRUE
m4A_36_target4	(0.69,0.737]	3	0.6960882647943831	m4A	138	36	4	303	694	997	TRUE	TRUE
m4A_39_target8	(0.69,0.737]	3	0.7219959266802444	m4A	166	39	8	273	709	982	TRUE	TRUE
m4A_45_target4	(0.69,0.737]	3	0.702920443101712	m4A	178	45	4	295	698	993	TRUE	TRUE
m4A_50_target8	(0.69,0.737]	3	0.7207654145995748	m4A	210	50	8	394	1017	1411	TRUE	TRUE
m4A_56_target8	(0.69,0.737]	3	0.73635806253832	m4A	244	56	8	430	1201	1631	TRUE	TRUE
m4A_63_target8	(0.69,0.737]	3	0.696248856358646	m4A	258	63	8	332	761	1093	TRUE	TRUE
m4A_66_target8	(0.69,0.737]	3	0.7349397590361446	m4A	264	66	8	440	1220	1660	TRUE	TRUE
m5C_02_target4	(0.69,0.737]	3	0.7329268292682927	m5C	4	2	4	219	601	820	TRUE	TRUE
m5C_11_target8	(0.69,0.737]	3	0.7308461025982678	m5C	44	11	8	404	1097	1501	TRUE	TRUE
m5C_21_target8	(0.69,0.737]	3	0.7091549295774648	m5C	86	21	8	413	1007	1420	TRUE	TRUE
m5C_24_target4	(0.69,0.737]	3	0.714170692431562	m5C	92	24	4	355	887	1242	TRUE	TRUE
m5C_28_target4	(0.69,0.737]	3	0.703125	m5C	100	28	4	475	1125	1600	TRUE	TRUE
m5C_24_target8	(0.69,0.737]	3	0.7092113184828417	m5C	114	24	8	483	1178	1661	TRUE	TRUE
m5C_36_target8	(0.69,0.737]	3	0.7159367396593674	m5C	160	36	8	467	1177	1644	TRUE	TRUE
m5C_52_target8	(0.69,0.737]	3	0.7019817073170732	m5C	214	52	8	391	921	1312	TRUE	TRUE
m5C_56_target4	(0.69,0.737]	3	0.7148347425057648	m5C	222	56	4	371	930	1301	TRUE	TRUE
m5C_63_target4	(0.69,0.737]	3	0.7231746031746031	m5C	236	63	4	436	1139	1575	TRUE	TRUE
m5C_65_target4	(0.69,0.737]	3	0.6985401459854015	m5C	240	65	4	413	957	1370	TRUE	TRUE
m5C_68_target4	(0.69,0.737]	3	0.7060367454068242	m5C	268	68	4	448	1076	1524	TRUE	TRUE
m5C_69_target4	(0.69,0.737]	3	0.6923480083857443	m5C	270	69	4	587	1321	1908	TRUE	TRUE
m5C_75_target4	(0.69,0.737]	3	0.7034795763993948	m5C	282	75	4	392	930	1322	TRUE	TRUE
m5C_74_target8	(0.69,0.737]	3	0.7351851851851852	m5C	302	74	8	286	794	1080	TRUE	TRUE
m3B_22_target8	(0.69,0.737]	3	0.696	m3B	219	22	8	456	1044	1500	TRUE	TRUE
m3B_28_target4	(0.69,0.737]	3	0.7150916784203103	m3B	231	28	4	404	1014	1418	TRUE	TRUE
m3B_26_target8	(0.69,0.737]	3	0.7360730593607306	m3B	249	26	8	289	806	1095	TRUE	TRUE
m3B_31_target8	(0.69,0.737]	3	0.7158516020236088	m3B	259	31	8	337	849	1186	TRUE	TRUE
m3B_53_target4	(0.69,0.737]	3	0.7054871220604704	m3B	150	53	4	263	630	893	TRUE	TRUE
m3B_57_target4	(0.69,0.737]	3	0.734338747099768	m3B	180	57	4	229	633	862	TRUE	TRUE
m3B_63_target4	(0.69,0.737]	3	0.7345537757437071	m3B	192	63	4	232	642	874	TRUE	TRUE
m3B_69_target8	(0.69,0.737]	3	0.7132936507936508	m3B	248	69	8	289	719	1008	TRUE	TRUE
m4A_22_target8	(0.737,0.785]	4	0.7478042659974906	m4A	88	22	8	201	596	797	TRUE	TRUE
m4A_28_target8	(0.737,0.785]	4	0.7571728481455563	m4A	122	28	8	347	1082	1429	TRUE	TRUE
m4A_31_target8	(0.737,0.785]	4	0.7839721254355401	m4A	128	31	8	310	1125	1435	TRUE	TRUE
m4A_47_target4	(0.737,0.785]	4	0.7818930041152263	m4A	182	47	4	159	570	729	TRUE	TRUE
m4A_55_target8	(0.737,0.785]	4	0.7757166947723441	m4A	220	55	8	266	920	1186	TRUE	TRUE
m4A_56_target4	(0.737,0.785]	4	0.7416666666666667	m4A	222	56	4	248	712	960	TRUE	TRUE
m4A_57_target4	(0.737,0.785]	4	0.7659574468085106	m4A	224	57	4	275	900	1175	TRUE	TRUE
m4A_71_target4	(0.737,0.785]	4	0.7647690655209453	m4A	274	71	4	438	1424	1862	TRUE	TRUE
m5C_04_target4	(0.737,0.785]	4	0.7403846153846154	m5C	8	4	4	540	1540	2080	TRUE	TRUE
m5C_19_target8	(0.737,0.785]	4	0.7533422459893048	m5C	82	19	8	369	1127	1496	TRUE	TRUE
m5C_33_target8	(0.737,0.785]	4	0.7661870503597122	m5C	132	33	8	195	639	834	TRUE	TRUE
m5C_35_target8	(0.737,0.785]	4	0.7437407952871871	m5C	158	35	8	348	1010	1358	TRUE	TRUE
m5C_46_target4	(0.737,0.785]	4	0.7816	m5C	180	46	4	273	977	1250	TRUE	TRUE
m5C_50_target4	(0.737,0.785]	4	0.7607542722451385	m5C	188	50	4	406	1291	1697	TRUE	TRUE
m5C_51_target8	(0.737,0.785]	4	0.757177033492823	m5C	212	51	8	406	1266	1672	TRUE	TRUE
m5C_66_target4	(0.737,0.785]	4	0.7549956559513467	m5C	242	66	4	282	869	1151	TRUE	TRUE
m3B_16_target4	(0.737,0.785]	4	0.7708066581306018	m3B	185	16	4	179	602	781	TRUE	TRUE
m3B_20_target8	(0.737,0.785]	4	0.7438551099611902	m3B	215	20	8	198	575	773	TRUE	TRUE
m3B_23_target4	(0.737,0.785]	4	0.7627314814814815	m3B	221	23	4	205	659	864	TRUE	TRUE
m3B_27_target4	(0.737,0.785]	4	0.7765486725663717	m3B	229	27	4	202	702	904	TRUE	TRUE
m3B_40_target8	(0.737,0.785]	4	0.7444543034605147	m3B	299	40	8	288	839	1127	TRUE	TRUE
m3B_59_target4	(0.737,0.785]	4	0.7478684531059683	m3B	184	59	4	207	614	821	TRUE	TRUE
m3B_69_target4	(0.737,0.785]	4	0.7832292595896521	m3B	226	69	4	243	878	1121	TRUE	TRUE
m3B_70_target4	(0.737,0.785]	4	0.7533818938605619	m3B	228	70	4	237	724	961	TRUE	TRUE
m3B_68_target8	(0.737,0.785]	4	0.778698224852071	m3B	246	68	8	187	658	845	TRUE	TRUE
m4A_02_target4	(0.785,0.832]	5	0.8174904942965779	m4A	4	2	4	192	860	1052	TRUE	TRUE
m4A_05_target8	(0.785,0.832]	5	0.8285714285714286	m4A	32	5	8	258	1247	1505	TRUE	TRUE
m4A_12_target4	(0.785,0.832]	5	0.8066420664206642	m4A	46	12	4	262	1093	1355	TRUE	TRUE
m4A_29_target4	(0.785,0.832]	5	0.8017937219730942	m4A	102	29	4	221	894	1115	TRUE	TRUE
m4A_29_target8	(0.785,0.832]	5	0.7903614457831325	m4A	124	29	8	348	1312	1660	TRUE	TRUE
m4A_61_target4	(0.785,0.832]	5	0.8097306689834927	m4A	232	61	4	219	932	1151	TRUE	TRUE
m4A_66_target4	(0.785,0.832]	5	0.7907211296016137	m4A	242	66	4	415	1568	1983	TRUE	TRUE
m5C_17_target8	(0.785,0.832]	5	0.7901946647440519	m5C	78	17	8	291	1096	1387	TRUE	TRUE
m5C_27_target4	(0.785,0.832]	5	0.8075780089153046	m5C	98	27	4	259	1087	1346	TRUE	TRUE
m5C_32_target4	(0.785,0.832]	5	0.8185782817269952	m5C	108	32	4	416	1877	2293	TRUE	TRUE
m5C_28_target8	(0.785,0.832]	5	0.7990654205607477	m5C	122	28	8	215	855	1070	TRUE	TRUE
m5C_37_target8	(0.785,0.832]	5	0.8143534994068802	m5C	162	37	8	313	1373	1686	TRUE	TRUE
m5C_39_target8	(0.785,0.832]	5	0.7863105175292153	m5C	166	39	8	256	942	1198	TRUE	TRUE
m5C_53_target8	(0.785,0.832]	5	0.8016581632653061	m5C	216	53	8	311	1257	1568	TRUE	TRUE
m5C_56_target8	(0.785,0.832]	5	0.8155935173017959	m5C	244	56	8	421	1862	2283	TRUE	TRUE
m5C_68_target8	(0.785,0.832]	5	0.7855345911949686	m5C	290	68	8	341	1249	1590	TRUE	TRUE
m3B_41_target8	(0.785,0.832]	5	0.8063943161634103	m3B	301	41	8	218	908	1126	TRUE	TRUE
m3B_62_target4	(0.785,0.832]	5	0.8202099737532809	m3B	190	62	4	137	625	762	TRUE	TRUE
m3B_65_target8	(0.785,0.832]	5	0.80545229244114	m3B	218	65	8	157	650	807	TRUE	TRUE
m3B_67_target8	(0.785,0.832]	5	0.7998212689901698	m3B	244	67	8	224	895	1119	TRUE	TRUE
m3B_75_target8	(0.785,0.832]	5	0.8307210031347962	m3B	260	75	8	162	795	957	TRUE	TRUE
m4A_03_target4	(0.832,0.88]	6	0.8565254969749352	m4A	6	3	4	166	991	1157	TRUE	TRUE
m4A_06_target4	(0.832,0.88]	6	0.8667466986794717	m4A	12	6	4	222	1444	1666	TRUE	TRUE
m4A_08_target4	(0.832,0.88]	6	0.8453768453768454	m4A	16	8	4	199	1088	1287	TRUE	TRUE
m4A_19_target8	(0.832,0.88]	6	0.8370508054522925	m4A	82	19	8	263	1351	1614	TRUE	TRUE
m4A_25_target8	(0.832,0.88]	6	0.8451208594449419	m4A	116	25	8	173	944	1117	TRUE	TRUE
m4A_48_target4	(0.832,0.88]	6	0.8485804416403786	m4A	184	48	4	240	1345	1585	TRUE	TRUE
m4A_50_target4	(0.832,0.88]	6	0.8602554470323065	m4A	188	50	4	186	1145	1331	TRUE	TRUE
m4A_53_target4	(0.832,0.88]	6	0.8602794411177644	m4A	194	53	4	210	1293	1503	TRUE	TRUE
m4A_58_target4	(0.832,0.88]	6	0.8424599831508003	m4A	226	58	4	187	1000	1187	TRUE	TRUE
m4A_60_target4	(0.832,0.88]	6	0.8477157360406091	m4A	230	60	4	150	835	985	TRUE	TRUE
m4A_57_target8	(0.832,0.88]	6	0.842741935483871	m4A	246	57	8	156	836	992	TRUE	TRUE
m4A_59_target8	(0.832,0.88]	6	0.8461538461538461	m4A	250	59	8	158	869	1027	TRUE	TRUE
m4A_65_target8	(0.832,0.88]	6	0.8653061224489796	m4A	262	65	8	165	1060	1225	TRUE	TRUE
m4A_74_target4	(0.832,0.88]	6	0.8647711511789181	m4A	280	74	4	195	1247	1442	TRUE	TRUE
m4A_75_target4	(0.832,0.88]	6	0.8724247226624405	m4A	282	75	4	161	1101	1262	TRUE	TRUE
m4A_74_target8	(0.832,0.88]	6	0.8605577689243028	m4A	302	74	8	175	1080	1255	TRUE	TRUE
m5C_01_target8	(0.832,0.88]	6	0.8427672955974843	m5C	24	1	8	200	1072	1272	TRUE	TRUE
m5C_22_target4	(0.832,0.88]	6	0.8389715832205683	m5C	66	22	4	238	1240	1478	TRUE	TRUE
m5C_16_target8	(0.832,0.88]	6	0.8540540540540541	m5C	76	16	8	243	1422	1665	TRUE	TRUE
m5C_62_target4	(0.832,0.88]	6	0.8493353028064993	m5C	234	62	4	204	1150	1354	TRUE	TRUE
m5C_64_target4	(0.832,0.88]	6	0.8482668410725964	m5C	238	64	4	232	1297	1529	TRUE	TRUE
m5C_71_target4	(0.832,0.88]	6	0.8551401869158879	m5C	274	71	4	248	1464	1712	TRUE	TRUE
m5C_72_target8	(0.832,0.88]	6	0.8345679012345679	m5C	298	72	8	134	676	810	TRUE	TRUE
m3B_44_target4	(0.832,0.88]	6	0.847877358490566	m3B	285	44	4	129	719	848	TRUE	TRUE
m3B_38_target8	(0.832,0.88]	6	0.835506519558676	m3B	295	38	8	164	833	997	TRUE	TRUE
m3B_71_target4	(0.832,0.88]	6	0.8675263774912075	m3B	230	71	4	113	740	853	TRUE	TRUE
m3B_71_target8	(0.832,0.88]	6	0.8383838383838383	m3B	252	71	8	96	498	594	TRUE	TRUE
m4A_14_target8	(0.88,0.927]	7	0.8923728813559322	m4A	72	14	8	127	1053	1180	TRUE	TRUE
m4A_20_target8	(0.88,0.927]	7	0.8836501901140684	m4A	84	20	8	153	1162	1315	TRUE	TRUE
m4A_51_target4	(0.88,0.927]	7	0.8958885941644562	m4A	190	51	4	157	1351	1508	TRUE	TRUE
m4A_64_target4	(0.88,0.927]	7	0.8983855650522318	m4A	238	64	4	107	946	1053	TRUE	TRUE
m5C_08_target8	(0.88,0.927]	7	0.8870547350130321	m5C	38	8	8	130	1021	1151	TRUE	TRUE
m5C_17_target4	(0.88,0.927]	7	0.9135446685878963	m5C	56	17	4	90	951	1041	TRUE	TRUE
m5C_31_target8	(0.88,0.927]	7	0.9071186440677966	m5C	128	31	8	137	1338	1475	TRUE	TRUE
m5C_58_target8	(0.88,0.927]	7	0.9016736401673641	m5C	248	58	8	94	862	956	TRUE	TRUE
m4A_65_target4	(0.927,0.975]	8	0.956989247311828	m4A	240	65	4	48	1068	1116	TRUE	TRUE
m5C_18_target8	(0.927,0.975]	8	0.9392117568470274	m5C	80	18	8	91	1406	1497	TRUE	TRUE
m5C_73_target4	(0.927,0.975]	8	0.9575625680087051	m5C	278	73	4	39	880	919	TRUE	TRUE
m5C_76_target4	(0.927,0.975]	8	0.9554655870445344	m5C	284	76	4	66	1416	1482	TRUE	TRUE
m3B_26_target4	(0.927,0.975]	8	0.9530201342281879	m3B	227	26	4	49	994	1043	TRUE	TRUE
m3B_46_target8	(0.927,0.975]	8	0.9518201284796574	m3B	158	46	8	45	889	934	TRUE	TRUE
m3B_76_target8	(0.927,0.975]	8	0.9748358862144421	m3B	262	76	8	23	891	914	TRUE	TRUE
m1A_01_target4	NA	NA	0.2987897125567322	m1A	2	1	4	927	395	1322	FALSE	FALSE
m1A_02_target4	NA	NA	0.23790642347343377	m1A	4	2	4	961	300	1261	FALSE	FALSE
m1A_03_target4	NA	NA	0.1555221637866266	m1A	6	3	4	1124	207	1331	FALSE	FALSE
m1A_04_target4	NA	NA	0.2120689655172414	m1A	8	4	4	914	246	1160	FALSE	FALSE
m1A_05_target4	NA	NA	0.6208829712683952	m1A	10	5	4	541	886	1427	FALSE	FALSE
m1A_06_target4	NA	NA	0.3230769230769231	m1A	12	6	4	880	420	1300	FALSE	FALSE
m1A_07_target4	NA	NA	0.09343200740055504	m1A	14	7	4	980	101	1081	FALSE	FALSE
m1A_08_target4	NA	NA	0.8827470686767169	m1A	16	8	4	140	1054	1194	FALSE	FALSE
m1A_09_target4	NA	NA	0.5453920220082531	m1A	18	9	4	661	793	1454	FALSE	FALSE
m1A_10_target4	NA	NA	0.35865384615384616	m1A	20	10	4	667	373	1040	FALSE	FALSE
m1A_11_target4	NA	NA	0.7820844099913867	m1A	22	11	4	253	908	1161	FALSE	FALSE
m1A_01_target8	NA	NA	0.5656565656565656	m1A	24	1	8	516	672	1188	FALSE	FALSE
m1A_02_target8	NA	NA	0.778421433743664	m1A	26	2	8	306	1075	1381	FALSE	FALSE
m1A_03_target8	NA	NA	0.4251798561151079	m1A	28	3	8	799	591	1390	FALSE	FALSE
m1A_04_target8	NA	NA	0.3539568345323741	m1A	30	4	8	898	492	1390	FALSE	FALSE
m1A_05_target8	NA	NA	0.4605026929982047	m1A	32	5	8	601	513	1114	FALSE	FALSE
m1A_06_target8	NA	NA	0.54858934169279	m1A	34	6	8	432	525	957	FALSE	FALSE
m1A_07_target8	NA	NA	0.2028169014084507	m1A	36	7	8	1132	288	1420	FALSE	FALSE
m1A_08_target8	NA	NA	0.5590200445434298	m1A	38	8	8	594	753	1347	FALSE	FALSE
m1A_09_target8	NA	NA	0.2719665271966527	m1A	40	9	8	870	325	1195	FALSE	FALSE
m1A_10_target8	NA	NA	0.7034246575342465	m1A	42	10	8	433	1027	1460	FALSE	FALSE
m4A_23_target8	NA	NA	0.06814159292035399	m4A	112	23	8	1053	77	1130	FALSE	FALSE
m4A_42_target4	NA	NA	0.5085536547433903	m4A	150	42	4	948	981	1929	FALSE	FALSE
m4A_58_target8	NA	NA	0.28934624697336564	m4A	248	58	8	587	239	826	FALSE	FALSE
m4A_67_target4	NA	NA	0.8775720164609053	m4A	266	67	4	238	1706	1944	FALSE	FALSE
m5C_09_target4	NA	NA	0.6288401253918495	m5C	18	9	4	592	1003	1595	FALSE	FALSE
m5C_11_target4	NA	NA	0.8895939086294417	m5C	22	11	4	174	1402	1576	FALSE	FALSE
m5C_16_target4	NA	NA	0.9563172043010753	m5C	54	16	4	65	1423	1488	FALSE	FALSE
m5C_33_target4	NA	NA	0.5337726523887973	m5C	110	33	4	566	648	1214	FALSE	FALSE
m5C_29_target8	NA	NA	0.9025735294117647	m5C	124	29	8	106	982	1088	FALSE	FALSE
m5C_51_target4	NA	NA	0.5565031982942431	m5C	190	51	4	832	1044	1876	FALSE	FALSE
m5C_60_target8	NA	NA	0.5842696629213483	m5C	252	60	8	444	624	1068	FALSE	FALSE
m5C_74_target4	NA	NA	0.8117457763475463	m5C	280	74	4	234	1009	1243	FALSE	FALSE
m5C_73_target8	NA	NA	0.665893271461717	m5C	300	73	8	432	861	1293	FALSE	FALSE
m3B_06_target4	NA	NA	0.40993788819875776	m3B	143	6	4	1330	924	2254	FALSE	FALSE
m3B_07_target4	NA	NA	0.41544401544401544	m3B	145	7	4	757	538	1295	FALSE	FALSE
m3B_08_target4	NA	NA	0.028747433264887063	m3B	147	8	4	946	28	974	FALSE	FALSE
m3B_09_target4	NA	NA	0.3758300132802125	m3B	149	9	4	470	283	753	FALSE	FALSE
m3B_11_target4	NA	NA	0.5084317032040472	m3B	153	11	4	583	603	1186	FALSE	FALSE
m3B_03_target8	NA	NA	0.8421052631578947	m3B	159	3	8	207	1104	1311	FALSE	FALSE
m3B_04_target8	NA	NA	0.24705882352941178	m3B	161	4	8	704	231	935	FALSE	FALSE
m3B_05_target8	NA	NA	0.3867753623188406	m3B	163	5	8	677	427	1104	FALSE	FALSE
m3B_08_target8	NA	NA	0.510989010989011	m3B	169	8	8	623	651	1274	FALSE	FALSE
m3B_09_target8	NA	NA	0.27977839335180055	m3B	171	9	8	1040	404	1444	FALSE	FALSE
m3B_14_target4	NA	NA	0.8336557059961315	m3B	181	14	4	172	862	1034	FALSE	FALSE
m3B_18_target4	NA	NA	0.10252100840336134	m3B	189	18	4	534	61	595	FALSE	FALSE
m3B_13_target8	NA	NA	0.3696402168555939	m3B	201	13	8	1279	750	2029	FALSE	FALSE
m3B_14_target8	NA	NA	0.47732426303854875	m3B	203	14	8	461	421	882	FALSE	FALSE
m3B_17_target8	NA	NA	0.28059440559440557	m3B	209	17	8	823	321	1144	FALSE	FALSE
m3B_19_target8	NA	NA	0.7982740021574973	m3B	213	19	8	187	740	927	FALSE	FALSE
m3B_21_target8	NA	NA	0.664886515353805	m3B	217	21	8	502	996	1498	FALSE	FALSE
m3B_31_target4	NA	NA	0.8544809228039042	m3B	237	31	4	164	963	1127	FALSE	FALSE
m3B_33_target4	NA	NA	0.38606965174129354	m3B	241	33	4	617	388	1005	FALSE	FALSE
m3B_28_target8	NA	NA	0.43593519882179677	m3B	253	28	8	383	296	679	FALSE	FALSE
m3B_29_target8	NA	NA	0.49409780775716694	m3B	255	29	8	300	293	593	FALSE	FALSE
m3B_38_target4	NA	NA	0.6963162623539982	m3B	273	38	4	338	775	1113	FALSE	FALSE
m3B_39_target4	NA	NA	0.47988223748773307	m3B	275	39	4	530	489	1019	FALSE	FALSE
m3B_40_target4	NA	NA	0.9553679131483716	m3B	277	40	4	37	792	829	FALSE	FALSE
m3B_41_target4	NA	NA	0.6633165829145728	m3B	279	41	4	268	528	796	FALSE	FALSE
m3B_36_target8	NA	NA	0.1827637444279346	m3B	291	36	8	1100	246	1346	FALSE	FALSE
m3B_39_target8	NA	NA	0.499546690843155	m3B	297	39	8	552	551	1103	FALSE	FALSE
m3B_49_target4	NA	NA	0.5088082901554404	m3B	142	49	4	948	982	1930	FALSE	FALSE
m3B_51_target4	NA	NA	0.13238095238095238	m3B	146	51	4	911	139	1050	FALSE	FALSE
m3B_52_target4	NA	NA	0.48511576626240355	m3B	148	52	4	467	440	907	FALSE	FALSE
m3B_54_target4	NA	NA	0.44601769911504424	m3B	152	54	4	626	504	1130	FALSE	FALSE
m3B_47_target8	NA	NA	0.41825613079019075	m3B	160	47	8	427	307	734	FALSE	FALSE
m3B_48_target8	NA	NA	0.21160409556313994	m3B	162	48	8	693	186	879	FALSE	FALSE
m3B_56_target4	NA	NA	0.4208715596330275	m3B	178	56	4	505	367	872	FALSE	FALSE
m3B_64_target4	NA	NA	0.2143474503025065	m3B	194	64	4	909	248	1157	FALSE	FALSE
m3B_65_target4	NA	NA	0.5456760048721072	m3B	196	65	4	373	448	821	FALSE	FALSE
m3B_61_target8	NA	NA	0.13504611330698288	m3B	210	61	8	1313	205	1518	FALSE	FALSE
m3B_64_target8	NA	NA	0.8983957219251337	m3B	216	64	8	76	672	748	FALSE	FALSE
m3B_77_target4	NA	NA	0.7680776014109347	m3B	242	77	4	263	871	1134	FALSE	FALSE
m3B_72_target8	NA	NA	0.0847457627118644	m3B	254	72	8	756	70	826	FALSE	FALSE
m1A_11_target8	NA	NA	NA	m1A	44	11	8	NA	NA	NA	FALSE	FALSE
m1A_12_target4	NA	NA	NA	m1A	46	12	4	NA	NA	NA	FALSE	FALSE
m1A_13_target4	NA	NA	NA	m1A	48	13	4	NA	NA	NA	FALSE	FALSE
m1A_14_target4	NA	NA	NA	m1A	50	14	4	NA	NA	NA	FALSE	FALSE
m1A_15_target4	NA	NA	NA	m1A	52	15	4	NA	NA	NA	FALSE	FALSE
m1A_16_target4	NA	NA	NA	m1A	54	16	4	NA	NA	NA	FALSE	FALSE
m1A_17_target4	NA	NA	NA	m1A	56	17	4	NA	NA	NA	FALSE	FALSE
m1A_18_target4	NA	NA	NA	m1A	58	18	4	NA	NA	NA	FALSE	FALSE
m1A_19_target4	NA	NA	NA	m1A	60	19	4	NA	NA	NA	FALSE	FALSE
m1A_20_target4	NA	NA	NA	m1A	62	20	4	NA	NA	NA	FALSE	FALSE
m1A_21_target4	NA	NA	NA	m1A	64	21	4	NA	NA	NA	FALSE	FALSE
m1A_22_target4	NA	NA	NA	m1A	66	22	4	NA	NA	NA	FALSE	FALSE
m1A_12_target8	NA	NA	NA	m1A	68	12	8	NA	NA	NA	FALSE	FALSE
m1A_13_target8	NA	NA	NA	m1A	70	13	8	NA	NA	NA	FALSE	FALSE
m1A_14_target8	NA	NA	NA	m1A	72	14	8	NA	NA	NA	FALSE	FALSE
m1A_15_target8	NA	NA	NA	m1A	74	15	8	NA	NA	NA	FALSE	FALSE
m1A_16_target8	NA	NA	NA	m1A	76	16	8	NA	NA	NA	FALSE	FALSE
m1A_17_target8	NA	NA	NA	m1A	78	17	8	NA	NA	NA	FALSE	FALSE
m1A_18_target8	NA	NA	NA	m1A	80	18	8	NA	NA	NA	FALSE	FALSE
m1A_19_target8	NA	NA	NA	m1A	82	19	8	NA	NA	NA	FALSE	FALSE
m1A_20_target8	NA	NA	NA	m1A	84	20	8	NA	NA	NA	FALSE	FALSE
m1A_21_target8	NA	NA	NA	m1A	86	21	8	NA	NA	NA	FALSE	FALSE
m1A_22_target8	NA	NA	NA	m1A	88	22	8	NA	NA	NA	FALSE	FALSE
m1A_23_target4	NA	NA	NA	m1A	90	23	4	NA	NA	NA	FALSE	FALSE
m1A_24_target4	NA	NA	NA	m1A	92	24	4	NA	NA	NA	FALSE	FALSE
m1A_25_target4	NA	NA	NA	m1A	94	25	4	NA	NA	NA	FALSE	FALSE
m1A_26_target4	NA	NA	NA	m1A	96	26	4	NA	NA	NA	FALSE	FALSE
m1A_27_target4	NA	NA	NA	m1A	98	27	4	NA	NA	NA	FALSE	FALSE
m1A_28_target4	NA	NA	NA	m1A	100	28	4	NA	NA	NA	FALSE	FALSE
m1A_29_target4	NA	NA	NA	m1A	102	29	4	NA	NA	NA	FALSE	FALSE
m1A_30_target4	NA	NA	NA	m1A	104	30	4	NA	NA	NA	FALSE	FALSE
m1A_31_target4	NA	NA	NA	m1A	106	31	4	NA	NA	NA	FALSE	FALSE
m1A_32_target4	NA	NA	NA	m1A	108	32	4	NA	NA	NA	FALSE	FALSE
m1A_33_target4	NA	NA	NA	m1A	110	33	4	NA	NA	NA	FALSE	FALSE
m1A_23_target8	NA	NA	NA	m1A	112	23	8	NA	NA	NA	FALSE	FALSE
m1A_24_target8	NA	NA	NA	m1A	114	24	8	NA	NA	NA	FALSE	FALSE
m1A_25_target8	NA	NA	NA	m1A	116	25	8	NA	NA	NA	FALSE	FALSE
m1A_26_target8	NA	NA	NA	m1A	118	26	8	NA	NA	NA	FALSE	FALSE
m1A_27_target8	NA	NA	NA	m1A	120	27	8	NA	NA	NA	FALSE	FALSE
m1A_28_target8	NA	NA	NA	m1A	122	28	8	NA	NA	NA	FALSE	FALSE
m1A_29_target8	NA	NA	NA	m1A	124	29	8	NA	NA	NA	FALSE	FALSE
m1A_30_target8	NA	NA	NA	m1A	126	30	8	NA	NA	NA	FALSE	FALSE
m1A_31_target8	NA	NA	NA	m1A	128	31	8	NA	NA	NA	FALSE	FALSE
m1A_32_target8	NA	NA	NA	m1A	130	32	8	NA	NA	NA	FALSE	FALSE
m1A_33_target8	NA	NA	NA	m1A	132	33	8	NA	NA	NA	FALSE	FALSE
m1A_34_target4	NA	NA	NA	m1A	134	34	4	NA	NA	NA	FALSE	FALSE
m1A_35_target4	NA	NA	NA	m1A	136	35	4	NA	NA	NA	FALSE	FALSE
m1A_36_target4	NA	NA	NA	m1A	138	36	4	NA	NA	NA	FALSE	FALSE
m1A_37_target4	NA	NA	NA	m1A	140	37	4	NA	NA	NA	FALSE	FALSE
m1A_38_target4	NA	NA	NA	m1A	142	38	4	NA	NA	NA	FALSE	FALSE
m1A_39_target4	NA	NA	NA	m1A	144	39	4	NA	NA	NA	FALSE	FALSE
m1A_40_target4	NA	NA	NA	m1A	146	40	4	NA	NA	NA	FALSE	FALSE
m1A_41_target4	NA	NA	NA	m1A	148	41	4	NA	NA	NA	FALSE	FALSE
m1A_42_target4	NA	NA	NA	m1A	150	42	4	NA	NA	NA	FALSE	FALSE
m1A_43_target4	NA	NA	NA	m1A	152	43	4	NA	NA	NA	FALSE	FALSE
m1A_44_target4	NA	NA	NA	m1A	154	44	4	NA	NA	NA	FALSE	FALSE
m1A_34_target8	NA	NA	NA	m1A	156	34	8	NA	NA	NA	FALSE	FALSE
m1A_35_target8	NA	NA	NA	m1A	158	35	8	NA	NA	NA	FALSE	FALSE
m1A_36_target8	NA	NA	NA	m1A	160	36	8	NA	NA	NA	FALSE	FALSE
m1A_37_target8	NA	NA	NA	m1A	162	37	8	NA	NA	NA	FALSE	FALSE
m1A_38_target8	NA	NA	NA	m1A	164	38	8	NA	NA	NA	FALSE	FALSE
m1A_39_target8	NA	NA	NA	m1A	166	39	8	NA	NA	NA	FALSE	FALSE
m1A_40_target8	NA	NA	NA	m1A	168	40	8	NA	NA	NA	FALSE	FALSE
m1A_41_target8	NA	NA	NA	m1A	170	41	8	NA	NA	NA	FALSE	FALSE
m1A_42_target8	NA	NA	NA	m1A	172	42	8	NA	NA	NA	FALSE	FALSE
m1A_43_target8	NA	NA	NA	m1A	174	43	8	NA	NA	NA	FALSE	FALSE
m1A_44_target8	NA	NA	NA	m1A	176	44	8	NA	NA	NA	FALSE	FALSE
m1A_45_target4	NA	NA	NA	m1A	178	45	4	NA	NA	NA	FALSE	FALSE
m1A_46_target4	NA	NA	NA	m1A	180	46	4	NA	NA	NA	FALSE	FALSE
m1A_47_target4	NA	NA	NA	m1A	182	47	4	NA	NA	NA	FALSE	FALSE
m1A_48_target4	NA	NA	NA	m1A	184	48	4	NA	NA	NA	FALSE	FALSE
m1A_49_target4	NA	NA	NA	m1A	186	49	4	NA	NA	NA	FALSE	FALSE
m1A_50_target4	NA	NA	NA	m1A	188	50	4	NA	NA	NA	FALSE	FALSE
m1A_51_target4	NA	NA	NA	m1A	190	51	4	NA	NA	NA	FALSE	FALSE
m1A_52_target4	NA	NA	NA	m1A	192	52	4	NA	NA	NA	FALSE	FALSE
m1A_53_target4	NA	NA	NA	m1A	194	53	4	NA	NA	NA	FALSE	FALSE
m1A_54_target4	NA	NA	NA	m1A	196	54	4	NA	NA	NA	FALSE	FALSE
m1A_55_target4	NA	NA	NA	m1A	198	55	4	NA	NA	NA	FALSE	FALSE
m1A_45_target8	NA	NA	NA	m1A	200	45	8	NA	NA	NA	FALSE	FALSE
m1A_46_target8	NA	NA	NA	m1A	202	46	8	NA	NA	NA	FALSE	FALSE
m1A_47_target8	NA	NA	NA	m1A	204	47	8	NA	NA	NA	FALSE	FALSE
m1A_48_target8	NA	NA	NA	m1A	206	48	8	NA	NA	NA	FALSE	FALSE
m1A_49_target8	NA	NA	NA	m1A	208	49	8	NA	NA	NA	FALSE	FALSE
m1A_50_target8	NA	NA	NA	m1A	210	50	8	NA	NA	NA	FALSE	FALSE
m1A_51_target8	NA	NA	NA	m1A	212	51	8	NA	NA	NA	FALSE	FALSE
m1A_52_target8	NA	NA	NA	m1A	214	52	8	NA	NA	NA	FALSE	FALSE
m1A_53_target8	NA	NA	NA	m1A	216	53	8	NA	NA	NA	FALSE	FALSE
m1A_54_target8	NA	NA	NA	m1A	218	54	8	NA	NA	NA	FALSE	FALSE
m1A_55_target8	NA	NA	NA	m1A	220	55	8	NA	NA	NA	FALSE	FALSE
m1A_56_target4	NA	NA	NA	m1A	222	56	4	NA	NA	NA	FALSE	FALSE
m1A_57_target4	NA	NA	NA	m1A	224	57	4	NA	NA	NA	FALSE	FALSE
m1A_58_target4	NA	NA	NA	m1A	226	58	4	NA	NA	NA	FALSE	FALSE
m1A_59_target4	NA	NA	NA	m1A	228	59	4	NA	NA	NA	FALSE	FALSE
m1A_60_target4	NA	NA	NA	m1A	230	60	4	NA	NA	NA	FALSE	FALSE
m1A_61_target4	NA	NA	NA	m1A	232	61	4	NA	NA	NA	FALSE	FALSE
m1A_62_target4	NA	NA	NA	m1A	234	62	4	NA	NA	NA	FALSE	FALSE
m1A_63_target4	NA	NA	NA	m1A	236	63	4	NA	NA	NA	FALSE	FALSE
m1A_64_target4	NA	NA	NA	m1A	238	64	4	NA	NA	NA	FALSE	FALSE
m1A_65_target4	NA	NA	NA	m1A	240	65	4	NA	NA	NA	FALSE	FALSE
m1A_66_target4	NA	NA	NA	m1A	242	66	4	NA	NA	NA	FALSE	FALSE
m1A_56_target8	NA	NA	NA	m1A	244	56	8	NA	NA	NA	FALSE	FALSE
m1A_57_target8	NA	NA	NA	m1A	246	57	8	NA	NA	NA	FALSE	FALSE
m1A_58_target8	NA	NA	NA	m1A	248	58	8	NA	NA	NA	FALSE	FALSE
m1A_59_target8	NA	NA	NA	m1A	250	59	8	NA	NA	NA	FALSE	FALSE
m1A_60_target8	NA	NA	NA	m1A	252	60	8	NA	NA	NA	FALSE	FALSE
m1A_61_target8	NA	NA	NA	m1A	254	61	8	NA	NA	NA	FALSE	FALSE
m1A_62_target8	NA	NA	NA	m1A	256	62	8	NA	NA	NA	FALSE	FALSE
m1A_63_target8	NA	NA	NA	m1A	258	63	8	NA	NA	NA	FALSE	FALSE
m1A_64_target8	NA	NA	NA	m1A	260	64	8	NA	NA	NA	FALSE	FALSE
m1A_65_target8	NA	NA	NA	m1A	262	65	8	NA	NA	NA	FALSE	FALSE
m1A_66_target8	NA	NA	NA	m1A	264	66	8	NA	NA	NA	FALSE	FALSE
m1A_67_target4	NA	NA	NA	m1A	266	67	4	NA	NA	NA	FALSE	FALSE
m1A_68_target4	NA	NA	NA	m1A	268	68	4	NA	NA	NA	FALSE	FALSE
m1A_69_target4	NA	NA	NA	m1A	270	69	4	NA	NA	NA	FALSE	FALSE
m1A_70_target4	NA	NA	NA	m1A	272	70	4	NA	NA	NA	FALSE	FALSE
m1A_71_target4	NA	NA	NA	m1A	274	71	4	NA	NA	NA	FALSE	FALSE
m1A_72_target4	NA	NA	NA	m1A	276	72	4	NA	NA	NA	FALSE	FALSE
m1A_73_target4	NA	NA	NA	m1A	278	73	4	NA	NA	NA	FALSE	FALSE
m1A_74_target4	NA	NA	NA	m1A	280	74	4	NA	NA	NA	FALSE	FALSE
m1A_75_target4	NA	NA	NA	m1A	282	75	4	NA	NA	NA	FALSE	FALSE
m1A_76_target4	NA	NA	NA	m1A	284	76	4	NA	NA	NA	FALSE	FALSE
m1A_77_target4	NA	NA	NA	m1A	286	77	4	NA	NA	NA	FALSE	FALSE
m1A_67_target8	NA	NA	NA	m1A	288	67	8	NA	NA	NA	FALSE	FALSE
m1A_68_target8	NA	NA	NA	m1A	290	68	8	NA	NA	NA	FALSE	FALSE
m1A_69_target8	NA	NA	NA	m1A	292	69	8	NA	NA	NA	FALSE	FALSE
m1A_70_target8	NA	NA	NA	m1A	294	70	8	NA	NA	NA	FALSE	FALSE
m1A_71_target8	NA	NA	NA	m1A	296	71	8	NA	NA	NA	FALSE	FALSE
m1A_72_target8	NA	NA	NA	m1A	298	72	8	NA	NA	NA	FALSE	FALSE
m1A_73_target8	NA	NA	NA	m1A	300	73	8	NA	NA	NA	FALSE	FALSE
m1A_74_target8	NA	NA	NA	m1A	302	74	8	NA	NA	NA	FALSE	FALSE
m1A_75_target8	NA	NA	NA	m1A	304	75	8	NA	NA	NA	FALSE	FALSE
m1A_76_target8	NA	NA	NA	m1A	306	76	8	NA	NA	NA	FALSE	FALSE
m1A_77_target8	NA	NA	NA	m1A	308	77	8	NA	NA	NA	FALSE	FALSE
m4A_34_target8	NA	NA	NA	m4A	156	34	8	NA	NA	NA	TRUE	FALSE
m4A_52_target4	NA	NA	NA	m4A	192	52	4	NA	NA	NA	TRUE	FALSE
m4A_54_target4	NA	NA	NA	m4A	196	54	4	NA	NA	NA	TRUE	FALSE
m4A_61_target8	NA	NA	NA	m4A	254	61	8	NA	NA	NA	TRUE	FALSE
m4A_68_target8	NA	NA	NA	m4A	290	68	8	NA	NA	NA	TRUE	FALSE
m4A_69_target8	NA	NA	NA	m4A	292	69	8	NA	NA	NA	TRUE	FALSE
m4A_75_target8	NA	NA	NA	m4A	304	75	8	NA	NA	NA	TRUE	FALSE
m4A_76_target8	NA	NA	NA	m4A	306	76	8	NA	NA	NA	TRUE	FALSE
m4A_77_target8	NA	NA	NA	m4A	308	77	8	NA	NA	NA	TRUE	FALSE
m5C_14_target8	NA	NA	NA	m5C	72	14	8	NA	NA	NA	TRUE	FALSE
m5C_31_target4	NA	NA	NA	m5C	106	31	4	NA	NA	NA	TRUE	FALSE
m5C_75_target8	NA	NA	NA	m5C	304	75	8	NA	NA	NA	FALSE	FALSE
m5C_76_target8	NA	NA	NA	m5C	306	76	8	NA	NA	NA	FALSE	FALSE
m5C_77_target8	NA	NA	NA	m5C	308	77	8	NA	NA	NA	TRUE	FALSE
m3B_42_target8	NA	NA	NA	m3B	303	42	8	NA	NA	NA	TRUE	FALSE
m3B_43_target8	NA	NA	NA	m3B	305	43	8	NA	NA	NA	TRUE	FALSE
m3B_44_target8	NA	NA	NA	m3B	307	44	8	NA	NA	NA	FALSE	FALSE
m3B_50_target8	NA	NA	NA	m3B	166	50	8	NA	NA	NA	TRUE	FALSE
m3B_73_target4	NA	NA	NA	m3B	234	73	4	NA	NA	NA	TRUE	FALSE
f1A_01_target4	NA	NA	NA	f1A	1	1	4	NA	NA	NA	FALSE	FALSE
f1A_02_target4	NA	NA	NA	f1A	3	2	4	NA	NA	NA	FALSE	FALSE
f1A_03_target4	NA	NA	NA	f1A	5	3	4	NA	NA	NA	FALSE	FALSE
f1A_04_target4	NA	NA	NA	f1A	7	4	4	NA	NA	NA	FALSE	FALSE
f1A_05_target4	NA	NA	NA	f1A	9	5	4	NA	NA	NA	FALSE	FALSE
f1A_06_target4	NA	NA	NA	f1A	11	6	4	NA	NA	NA	FALSE	FALSE
f1A_07_target4	NA	NA	NA	f1A	13	7	4	NA	NA	NA	FALSE	FALSE
f1A_08_target4	NA	NA	NA	f1A	15	8	4	NA	NA	NA	FALSE	FALSE
f1A_09_target4	NA	NA	NA	f1A	17	9	4	NA	NA	NA	FALSE	FALSE
f1A_10_target4	NA	NA	NA	f1A	19	10	4	NA	NA	NA	FALSE	FALSE
f1A_11_target4	NA	NA	NA	f1A	21	11	4	NA	NA	NA	FALSE	FALSE
f1A_01_target8	NA	NA	NA	f1A	23	1	8	NA	NA	NA	FALSE	FALSE
f1A_02_target8	NA	NA	NA	f1A	25	2	8	NA	NA	NA	FALSE	FALSE
f1A_03_target8	NA	NA	NA	f1A	27	3	8	NA	NA	NA	FALSE	FALSE
f1A_04_target8	NA	NA	NA	f1A	29	4	8	NA	NA	NA	FALSE	FALSE
f1A_05_target8	NA	NA	NA	f1A	31	5	8	NA	NA	NA	FALSE	FALSE
f1A_06_target8	NA	NA	NA	f1A	33	6	8	NA	NA	NA	FALSE	FALSE
f1A_07_target8	NA	NA	NA	f1A	35	7	8	NA	NA	NA	FALSE	FALSE
f1A_08_target8	NA	NA	NA	f1A	37	8	8	NA	NA	NA	FALSE	FALSE
f1A_09_target8	NA	NA	NA	f1A	39	9	8	NA	NA	NA	FALSE	FALSE
f1A_10_target8	NA	NA	NA	f1A	41	10	8	NA	NA	NA	FALSE	FALSE
f1A_11_target8	NA	NA	NA	f1A	43	11	8	NA	NA	NA	FALSE	FALSE
f1A_12_target4	NA	NA	NA	f1A	2	12	4	NA	NA	NA	FALSE	FALSE
f1A_13_target4	NA	NA	NA	f1A	4	13	4	NA	NA	NA	FALSE	FALSE
f1A_14_target4	NA	NA	NA	f1A	6	14	4	NA	NA	NA	FALSE	FALSE
f1A_15_target4	NA	NA	NA	f1A	8	15	4	NA	NA	NA	FALSE	FALSE
f1A_16_target4	NA	NA	NA	f1A	10	16	4	NA	NA	NA	FALSE	FALSE
f1A_17_target4	NA	NA	NA	f1A	12	17	4	NA	NA	NA	FALSE	FALSE
f1A_18_target4	NA	NA	NA	f1A	14	18	4	NA	NA	NA	FALSE	FALSE
f1A_19_target4	NA	NA	NA	f1A	16	19	4	NA	NA	NA	FALSE	FALSE
f1A_20_target4	NA	NA	NA	f1A	18	20	4	NA	NA	NA	FALSE	FALSE
f1A_21_target4	NA	NA	NA	f1A	20	21	4	NA	NA	NA	FALSE	FALSE
f1A_22_target4	NA	NA	NA	f1A	22	22	4	NA	NA	NA	FALSE	FALSE
f1A_12_target8	NA	NA	NA	f1A	24	12	8	NA	NA	NA	FALSE	FALSE
f1A_13_target8	NA	NA	NA	f1A	26	13	8	NA	NA	NA	FALSE	FALSE
f1A_14_target8	NA	NA	NA	f1A	28	14	8	NA	NA	NA	FALSE	FALSE
f1A_15_target8	NA	NA	NA	f1A	30	15	8	NA	NA	NA	FALSE	FALSE
f1A_16_target8	NA	NA	NA	f1A	32	16	8	NA	NA	NA	FALSE	FALSE
f1A_17_target8	NA	NA	NA	f1A	34	17	8	NA	NA	NA	FALSE	FALSE
f1A_18_target8	NA	NA	NA	f1A	36	18	8	NA	NA	NA	FALSE	FALSE
f1A_19_target8	NA	NA	NA	f1A	38	19	8	NA	NA	NA	FALSE	FALSE
f1A_20_target8	NA	NA	NA	f1A	40	20	8	NA	NA	NA	FALSE	FALSE
f1A_21_target8	NA	NA	NA	f1A	42	21	8	NA	NA	NA	FALSE	FALSE
f1A_22_target8	NA	NA	NA	f1A	44	22	8	NA	NA	NA	FALSE	FALSE
