"","p.val","corr.coef","Symbol","p.adjust"
"1","2.88368308392648e-07",0.990345883848924,"Cpox",0.000401697053590959
"2","1.64814468908893e-06",0.984086324223408,"Gstm1",0.000864808797889924
"3","2.25199168752854e-06",0.982594509989071,"Ugt3a2",0.000864808797889924
"4","2.67106276049799e-06",0.981720312458841,"Ugt2b34",0.000864808797889924
"5","3.10412346694158e-06",0.98091417535915,"Rdh9",0.000864808797889924
"6","5.88194734501115e-06",0.977065571592522,"Selenbp2",0.00136559210860009
"7","1.64733363569902e-05",0.969151028209378,"Vcp",0.00327819393504105
"8","2.28673759529304e-05",0.966091406500879,"Cyp2d9",0.00398178183780401
"9","3.61319367257138e-05",0.961304620824995,"Hsd17b12",0.00554870395482711
"10","4.00094729541249e-05",0.960148043402511,"Aldh1a1",0.00554870395482711
"11","4.38160398442916e-05",0.959087435684045,"Pon1",0.00554870395482711
"12","7.51511508468348e-05",0.952175819964938,"Fmo1",0.00789396521255697
"13","9.51650523390608e-05",0.948789251512823,"Alg5",0.00789396521255697
"14","9.72983615223701e-05",0.948459031631449,"Mgst1",0.00789396521255697
"15","9.94265028765966e-05",0.94813466396275,"Gstm3",0.00789396521255697
"16","0.000102491330776835",0.947676027402284,"Sord",0.00789396521255697
"17","0.000104539395887916",0.947374912421914,"Acot2",0.00789396521255697
"18","0.000111126071776596",0.946433871010802,"Atp5a1",0.00789396521255697
"19","0.000117130543765378",0.945609704682462,"Hsd17b4",0.00789396521255697
"20","0.000120557225350496",0.945152646284774,"Hadh",0.00789396521255697
"21","0.000124671381677138",0.944615835811307,"Cyp2c50",0.00789396521255697
"22","0.000137228331176749",0.943051017326765,"Acaa1a",0.00831126370996571
"23","0.000155183173429488",0.940980098800418,"Glul",0.00870605536464347
"24","0.00015807729569077",0.940662333773014,"Inmt",0.00870605536464347
"25","0.000162496367179275",0.940184946640165,"Gstm6",0.00870605536464347
"26","0.000172153482058664",0.939172666345097,"Acaa1b",0.00888184446324885
"27","0.00018426611332444",0.93795801974069,"Fh1",0.00904398926358958
"28","0.000195189011704823",0.936909980567295,"Cyp1a2",0.00904398926358958
"29","0.000197275232084948",0.936714533757541,"Cyp2e1",0.00904398926358958
"30","0.000201266092728842",0.936344666428679,"Uox",0.00904398926358958
"31","0.000213735202638688",0.935221303968572,"Gulo",0.00930416053986539
"32","0.000223051442807553",0.934411727496693,"Suclg1",0.00941547454033095
"33","0.000230632260435487",0.933770330912845,"Tmem205",0.00944913937607745
"34","0.000238197991122783",0.933144823701789,"Creg1",0.00948028004668676
"35","0.000251302013143917",0.932093697863161,"Hsd11b1",0.00972399178637434
"36","0.000260182938482016",0.931403039927507,"Atp5h",0.00979553603528239
"37","0.000286508013801101",0.929448526118703,"Rgn",0.0104826691340396
"38","0.000293484634764927",0.928951832633009,"Me1",0.0104826691340396
"39","0.000302968392197819",0.928289770231065,"Cs",0.010550874258289
"40","0.000312568504338786",0.927634242485148,"Gstm2",0.0106197055254617
"41","0.000369849443110054",0.923991087435096,"Pgk1",0.0122666731964835
"42","0.0003908668216355",0.922753963310368,"Cyb5b",0.0125646685608982
"43","0.000402508725419755",0.922088671553428,"Sdha",0.0125646685608982
"44","0.000418370059467916",0.921203621834739,"Rpl13",0.0125646685608982
"45","0.000444820934772531",0.919778601174522,"Prodh",0.0125646685608982
"46","0.000445864372352354",0.919723618426842,"Acox1",0.0125646685608982
"47","0.000450993128531881",0.919454666998825,"Gnmt",0.0125646685608982
"48","0.00050190612597124",0.916894316632364,"Cyp4a12a",0.0133177192386545
"49","0.000505666001616785",0.916712582773017,"Gne",0.0133177192386545
"50","0.000506704321355843",0.916662562253422,"Agxt",0.0133177192386545
"51","0.000542907291974265",0.914961641945089,"Ech1",0.014004997365188
"52","0.000631264403967235",0.911120145055117,"Cyp2d10",0.0159030186232294
"53","0.00063931733158711",0.91078918998455,"Lima1",0.0159030186232294
"54","0.000676175884657154",0.909310503313377,"Akr1c6",0.0165247896022354
"55","0.000706076960018822",0.908151781842833,"Gstt1",0.0167796347689132
"56","0.000722251509200511",0.907539219639124,"Hpd",0.0167796347689132
"57","0.000724591363261152",0.907451400224061,"Eif5",0.0167796347689132
"58","0.000822966698727038",0.90392577411149,"Por",0.0184902034084962
"59","0.000869848808569294",0.902348548374301,"Ubr4",0.0192333236561433
"60","0.000923945950522888",0.900600596908105,"Psmb7",0.0201102610793497
"61","0.0009663059060835",0.89928105508104,"Tcp1",0.0205131054948329
"62","0.000986403436090922",0.898669069910208,"Cyp3a11",0.0205131054948329
"63","0.000997790259989621",0.898326178818805,"Slc25a15",0.0205131054948329
"64","0.00100135762645272",0.898219315725767,"Gsta3",0.0205131054948329
"65","0.00107883927977695",0.895961025099694,"Gpd2",0.0217800451699897
"66","0.0011139802972863",0.894973928068586,"Idh2",0.0221682079159974
"67","0.00114224587754201",0.89419556709089,"Etfa",0.0224105423579721
"68","0.00121359624800319",0.892288644352572,"Cyp4f14",0.0234797162981728
"69","0.00124243123541003",0.891540106981417,"Asl",0.0237083111085777
"70","0.00127676130889816",0.890664504864775,"Atp5o",0.0240341689634478
"71","0.00134739783419742",0.888913094738641,"Cyp2c29",0.024696383987329
"72","0.00137077586333821",0.888347518136534,"Ywhae",0.024798581527664
"73","0.00139112796100669",0.887860576079921,"Tst",0.0248441185856708
"74","0.00142607423060271",0.887035869837423,"Aldob",0.0249625481281727
"75","0.00143359931820087",0.886860123678294,"Dlat",0.0249625481281727
"76","0.00147706113665792",0.885857419071561,"Golgb1",0.0254018044859813
"77","0.00156265636728534",0.883941009381654,"Cox5a",0.0264789412466903
"78","0.00162137984346522",0.882667979683447,"Psmc1",0.0264789412466903
"79","0.00163722826890705",0.882329903734685,"Arf5",0.0264789412466903
"80","0.00165546007154303",0.88194378065707,"Col6a1",0.0264789412466903
"81","0.00168021681629175",0.881424159633368,"Ndufa6",0.0264789412466903
"82","0.00169708863850686",0.881073069018075,"Ftcd",0.0264789412466903
"83","0.00171512414112989",0.880700427873707,"Atp5j",0.0264789412466903
"84","0.00171965699271404",0.880607199554665,"Nucks1",0.0264789412466903
"85","0.00172970587089353",0.880401127245948,"Prdx5",0.0264789412466903
"86","0.00172978008144208",0.88039960850007,"Hmgcl",0.0264789412466903
"87","0.00179064675248505",0.879168857387526,"Pgd",0.0271127274588226
"88","0.00206815036322049",0.873898046601877,"Sdhb",0.0303256153259594
"89","0.00215608841256935",0.872330586854371,"Atl3",0.0312857412365532
"90","0.00227889692829839",0.87021387799784,"Rpl7a",0.0327268393929862
"91","0.00253254142350673",0.866079694927869,"Pafah2",0.0351924127340201
"92","0.0025830394447309",0.865291128168876,"Nolc1",0.0351924127340201
"93","0.00260488589440383",0.864953272638226,"Car3",0.0351924127340201
"94","0.00261438317338123",0.864807006513922,"Hsp90aa1",0.0351924127340201
"95","0.00262743067073804",0.864606660390835,"Decr2",0.0351924127340201
"96","0.00293210689692293",0.860111690752764,"Entpd5",0.0385323104472985
"97","0.00298474248458653",0.859368188416747,"Psmb2",0.038857441878776
"98","0.00317889854370843",0.856701250331134,"Dhrs1",0.0410019043646837
"99","0.00326203222980373",0.855593559605455,"Aqp9",0.0416881733588679
"100","0.00345883131325233",0.853046631702027,"Fbp1",0.0433635426085045
"101","0.0035229421217037",0.852238484701514,"Slc25a5",0.0433635426085045
"102","0.00353502531800496",0.852087304436716,"Psmb3",0.0433635426085045
"103","0.00354075825774152",0.852015700282997,"Akr7a5",0.0433635426085045
"104","0.00354877520270604",0.851915702458006,"Ces3b",0.0433635426085045
"105","0.00360546130817981",0.851213029998536,"Adh1",0.0436731095851694
"106","0.00372985064354941",0.849697296208266,"Lmf1",0.0447903616074511
"107","0.00378689310434225",0.849013804502172,"Acly",0.0450866845670834
"108","0.00393227740706439",0.847303171768672,"Ass1",0.0464208680342432
"109","0.00409137567165625",0.845480191599192,"Arpc3",0.0478545731027904
"110","0.00412243271524397",0.845130029304796,"Mug2",0.0478545731027904
"111","0.00423166673606821",0.843912614721222,"Abcb11",0.0487166261433307
"112","0.00428131990375644",0.843366343290317,"Mettl7a1",0.0488470399060626
"113","0.0043610033300948",0.842498688236363,"Aldh2",0.0488470399060626
"114","0.00441166525073535",0.841952675088784,"Afmid",0.0488470399060626
"115","0.00443577514570749",0.841694335958797,"Gm4952",0.0488470399060626
"116","0.00444034232528835",0.841645506723188,"Hspa9",0.0488470399060626
"117","0.00448845736394545",0.841133170306866,"Ppat",0.0488470399060626
"118","0.0046716951400535",0.839215760328163,"Gstp1",0.0500590102314963
"119","0.00475723765926786",0.838338233655994,"Atp5k",0.0505194597581167
"120","0.00483566301578536",0.837543152322828,"Rdh7",0.0506472073758572
"121","0.00550266818858909",0.831113131226818,"Oat",0.0563618881375338
"122","0.00584683733045177",0.828002012664368,"Larp4",0.0594499591337176
"123","0.00593042877184667",0.82726533599878,"Ctsa",0.0598629512984233
"124","0.00604731720339734",0.826246993479569,"Hsph1",0.0606036896714568
"125","0.00639523364564161",0.82329312994993,"Cycs",0.0629435925319503
"126","0.00641636047346514",0.823117320712079,"Pon3",0.0629435925319503
"127","0.00653120656294089",0.822168445136408,"Hsp90b1",0.06335492442032
"128","0.00654925277568276",0.822020379329928,"Shmt2",0.06335492442032
"129","0.00673173562134333",0.820538506209165,"Agpat2",0.0646710877278018
"130","0.00678947214611127",0.82007534696625,"Arpc5",0.0647790047913219
"131","0.00732515709309496",0.815900625175675,"Serpina1e",0.06860731172462
"132","0.00733847052905124",0.815799553078581,"Acat2",0.06860731172462
"133","0.00791867574912812",0.811510642679895,"Gck",0.0730510948247382
"134","0.00798970835310892",0.811000381754562,"Cyp2f2",0.0732214719465837
"135","0.00809592725890223",0.810243067219592,"Ces3a",0.073298867646504
"136","0.00810339240313109",0.810190096473477,"Psmb6",0.073298867646504
"137","0.00815677222746833",0.809812287283222,"Lgals9",0.0733057013733121
"138","0.0085323275054629",0.807200429868933,"Alad",0.0761893090712168
"139","0.00889840821151048",0.804728347269226,"Cyp2c54",0.078452421763507
"140","0.00929068403638868",0.802154581616736,"Epn1",0.080887017891809
"141","0.00949903515849693",0.800817344270117,"Acads",0.0820371867643786
"142","0.00986870411733432",0.798492693592871,"Hsd17b2",0.083823809972236
"143","0.0103560644303337",0.79551608781814,"Sucla2",0.0865354960163374
"144","0.0104329082863377",0.795055433935418,"Cct8",0.0865354960163374
"145","0.0104798872451017",0.794774936036323,"Mup10",0.0865354960163374
"146","0.0104813448148958",0.794766246873955,"Srp14",0.0865354960163374
"147","0.0104985634075815",0.794663661474935,"4931406C07Rik",0.0865354960163374
"148","0.0108983743665176",0.792312887279495,"Dnm2",0.0893025617209354
"149","0.0111853159319686",0.790661327875297,"Blvrb",0.0911178075627618
"150","0.011352222532684",0.789713743232529,"Comt",0.0919398022559815
"151","0.0115535394633658",0.788583189713281,"Aldh1l1",0.0930293668928818
"152","0.0116297967103594",0.78815840591801,"Psmb1",0.0931052115950037
"153","0.0118512375201625",0.786935410268045,"Arg1",0.0943358506604935
"154","0.0122120762032874",0.784975024860663,"Cd81",0.0963558994484378
"155","0.0122433554934483",0.784806931344284,"Gpx1",0.0963558994484378
"156","0.0131242079142646",0.780187170337681,"Got1",0.101005644334644
"157","0.0140294599867273",0.775651255051888,"Stbd1",0.105870133910704
"158","0.0142463355744563",0.774593843498062,"Ugt2b1",0.106694330404396
"159","0.0143965142316564",0.77386791972021,"Ndufv2",0.106812216758909
"160","0.0144154319818198",0.773776836165863,"Hsp90ab1",0.106812216758909
"161","0.0146425716225885",0.77268941373965,"Mettl7b",0.107353169843504
"162","0.0148916106189423",0.771510033995176,"Atp5b",0.108607401006213
"163","0.0152570270746257",0.769803148874987,"Iigp1",0.110692909973717
"164","0.0173222620847212",0.760636118860339,"Hsd17b6",0.123743133764188
"165","0.0174504992500697",0.760091495200479,"Aox1",0.12402319109871
"166","0.017616069800779",0.759392241117311,"Dlst",0.124564392043072
"167","0.017753512296249",0.758815093833872,"Psmd7",0.124758153329911
"168","0.0178225933328444",0.758526131060664,"Ugt2b36",0.124758153329911
"169","0.0180160514280623",0.75772084773422,"Slc27a2",0.124857510643238
"170","0.0182449450678901",0.756775451344389,"Nme1",0.125597207448602
"171","0.0184201624419608",0.756057066148019,"Ugt2b35",0.125780815106134
"172","0.0189270259459824",0.754004169815159,"Cyp2d22",0.128611449476846
"173","0.0191488212770957",0.753117330214198,"Ephx1",0.129486932228128
"174","0.0196507743525715",0.751135160719968,"Slc25a22",0.131179049283307
"175","0.0197498285180192",0.750747983042666,"Nqo2",0.131179049283307
"176","0.019750726319798",0.750744479656375,"Dhcr7",0.131179049283307
"177","0.0197757360728604",0.750646929442053,"Cct3",0.131179049283307
"178","0.0201272555369156",0.749284402066963,"Ldhd",0.132467144557014
"179","0.0201601110165736",0.749157858939659,"Eif2a",0.132467144557014
"180","0.0203153653494248",0.748561736684392,"Ftl1",0.132860581839196
"181","0.020882331272485",0.746410065426916,"Csad",0.135298081221263
"182","0.0211487076185814",0.745412489191339,"Hsd3b3",0.135761058583797
"183","0.0214937874194696",0.74413245157122,"Cyp27a1",0.136716191211512
"184","0.0218858725172224",0.742694436681535,"Mif",0.137313283061757
"185","0.021937447389127",0.742506550784808,"Echs1",0.137313283061757
"186","0.0220555726600002",0.742077320577449,"Tdo2",0.137313283061757
"187","0.0220805279295287",0.74198683538259,"Sds",0.137313283061757
"188","0.0222140595278701",0.741503808062323,"Ctsd",0.13752971076588
"189","0.0231424421372966",0.738197416896859,"Aass",0.142643459722364
"190","0.0236080684557427",0.736571995218509,"Dstn",0.144872420083038
"191","0.0238760869238824",0.73564595429077,"Ces1e",0.145874513530562
"192","0.0241679786057965",0.734645186710527,"Coasy",0.14661964063377
"193","0.0243138097533387",0.734148176577057,"Prdx3",0.14661964063377
"194","0.0249812105363111",0.731898295691094,"Uqcr10",0.148636241345848
"195","0.025047952400732",0.731675487019102,"Pfkl",0.148636241345848
"196","0.0250750299470742",0.731585203658857,"Nudt12",0.148636241345848
"197","0.0258219791488431",0.729119560384987,"Fah",0.150469775748353
"198","0.0259244409042388",0.728785011377398,"Gldc",0.150469775748353
"199","0.0271753359759279",0.72476895636431,"Pck1",0.157075697155467
"200","0.0275102904899396",0.723714234241199,"Uqcrfs1",0.157985677335445
"201","0.0275595976974251",0.723559685349116,"Cyp3a13",0.157985677335445
"202","0.0283023338362319",0.721253258412877,"Slco1b2",0.161024049262967
"203","0.0283208126844414",0.721196384181893,"Cyp2c37",0.161024049262967
"204","0.0285296015592344",0.720555455182428,"Lman1",0.161314555541432
"205","0.0286035141555878",0.720329298378257,"Sqle",0.161314555541432
"206","0.0289300612917337",0.719334685792046,"Vdac2",0.162498287820101
"207","0.0300877592960372",0.715866555021309,"Uroc1",0.167648994797519
"208","0.0303407639284994",0.715120287184617,"Cyp2c69",0.168385195826293
"209","0.030718890557286",0.714012495397129,"Hspa1b",0.169807200580553
"210","0.0309780868933073",0.713258264908043,"Keg1",0.170337730263583
"211","0.0310594282031228",0.713022420819535,"C3",0.170337730263583
"212","0.0317305059054434",0.711091876018284,"Dcaf11",0.171320090446287
"213","0.0317970133550126",0.710902003988152,"Khk",0.171320090446287
"214","0.0320485569852632",0.710186204572298,"Apex1",0.171320090446287
"215","0.0320682214957137",0.710130401245134,"Rps8",0.171320090446287
"216","0.032681391676807",0.708401437552275,"Hpgd",0.173099538425065
"217","0.0331419178980159",0.707116729056236,"Galt",0.174583659946194
"218","0.0332122540457584",0.706921540502036,"Cox7c",0.174583659946194
"219","0.0336357285545314",0.705752011764692,"Slc27a5",0.176144999535572
"220","0.0352566024095037",0.701361979325214,"Scd1",0.183255399837458
"221","0.0357576102127426",0.700031622447905,"Snrpd1",0.185168591176024
"222","0.0362576868276244",0.698715742836423,"Hibadh",0.187062806484744
"223","0.0372489003598119",0.696141869886746,"Krt18",0.19045236153511
"224","0.0373248346727099",0.695946530890019,"Acsm1",0.19045236153511
"225","0.0381363117037412",0.693874909712576,"Cth",0.193276273837331
"226","0.038155761166738",0.693825608768537,"Sdhc",0.193276273837331
"227","0.0386203407497554",0.692652781273149,"Cops3",0.194920777769599
"228","0.0391718516600248",0.691272277169466,"Prdx6",0.196990575315576
"229","0.0403009680557382",0.68848463018725,"Dhdh",0.200159189107715
"230","0.0405754663296312",0.687814566178468,"Gstz1",0.200159189107715
"231","0.0405878735045089",0.687784348815509,"Sfxn1",0.200159189107715
"232","0.0406118587940738",0.68772595013329,"Rps3",0.200159189107715
"233","0.0406640707232471",0.687598902932579,"Gpam",0.200159189107715
"234","0.0415173962678423",0.685537249474676,"Psmb4",0.202468863634409
"235","0.0415693431438916",0.685412630135173,"Psmd8",0.202468863634409
"236","0.0418721610945566",0.684688166698626,"Hspa8",0.203111248776159
"237","0.0421386582170208",0.684053384053051,"Fga",0.203111248776159
"238","0.0425890230828571",0.682986486960869,"Cltb",0.204574169498
"239","0.0434976922140375",0.680855781911619,"Copa",0.208220911526303
"240","0.0439637960839248",0.679773925845536,"Fabp1",0.208441573079738
"241","0.0469166963868269",0.673085524335038,"Atp5c1",0.219311939821644
"242","0.0470981685059501",0.672683398509296,"Psmb5",0.219423908791935
"243","0.0473838222323553",0.672052420752014,"Mrpl39",0.220018881232236
"244","0.0477909666449352",0.671157278019245,"Ndufv1",0.220966264732012
"245","0.0480637316681978",0.670560306685933,"Tmem214",0.220966264732012
"246","0.0494342784938311",0.667593067364457,"Ufl1",0.224158514025361
"247","0.0495390376197838",0.667368437390643,"Iqgap2",0.224158514025361
"248","0.0499962602338949",0.666391571858785,"S100a1",0.225237972565042
"249","0.0501247462276835",0.666118086147599,"Slco1a1",0.225237972565042
"250","0.0504776289490096",0.665369260613786,"Bbox1",0.22609433159476
"251","0.0515235754319943",0.663169165683454,"Cyp51",0.229415938968075
"252","0.0515485921730132",0.663116894445468,"Pacsin3",0.229415938968075
"253","0.0521819457965335",0.661798882817094,"Gstt2",0.231495065269335
"254","0.0543856608215182",0.657290729240639,"Rbm47",0.240144458719777
"255","0.0544764170534455",0.657107580102244,"Ces2e",0.240144458719777
"256","0.0557083358937336",0.654640467908092,"Stard10",0.243265554545363
"257","0.0569282201538202",0.652231338865647,"Ppt1",0.247815658357099
"258","0.0574293736194918",0.65125110375746,"Hspa5",0.249218434429757
"259","0.0579464633351789",0.650245360862025,"Ces1g",0.250681439210883
"260","0.0582169453679876",0.649721533906462,"Tgm2",0.251071841788256
"261","0.0589431723165993",0.648322667371009,"Xylb",0.251383910622423
"262","0.0590111548984438",0.648192277841914,"Rer1",0.251383910622423
"263","0.0595035577978398",0.647250680074166,"Cyp2j5",0.252679681621828
"264","0.0598903229588659",0.646514536086495,"Ctnnb1",0.252679681621828
"265","0.0609144734616437",0.644579625758389,"Prdx1",0.255381709951208
"266","0.0620227376586688",0.642508794083856,"Ppa1",0.257903503159778
"267","0.0625048695723024",0.641615195985963,"Mdh2",0.258391920483365
"268","0.0625559709437909",0.641520738095437,"Rpn2",0.258391920483365
"269","0.0626966756090291",0.641260904752735,"Psma7",0.258391920483365
"270","0.0634821337903665",0.639817138698292,"Psmc5",0.260857263628261
"271","0.0645393166640534",0.637891554391214,"Ugdh",0.264421376803019
"272","0.0649195724646081",0.637203799688986,"Ewsr1",0.265199309217593
"273","0.065365505622353",0.636400475409246,"Prpsap1",0.265517029893126
"274","0.0663233455196258",0.634686546172636,"Isoc2a",0.26857098926988
"275","0.0676990065317841",0.632251949799484,"Rap1gds1",0.271771516134799
"276","0.068330163893904",0.631145328103529,"Pebp1",0.273517006621288
"277","0.0687316280640301",0.630444761618449,"Usp10",0.274082285714126
"278","0.0704975236238814",0.627393263677425,"H2-Q10",0.278518729233614
"279","0.0716455577342391",0.625435004307341,"Pdlim1",0.280024140874388
"280","0.0718885861710225",0.625022977382711,"Dync1i2",0.280024140874388
"281","0.0721102005407711",0.624648013060178,"Slc25a3",0.280024140874388
"282","0.0723680478928784",0.624212648027807,"Gstt3",0.280024140874388
"283","0.0733297919922719",0.622597265389829,"Dnaja1",0.28217790122993
"284","0.0739331122193377",0.621590639645152,"Apoo",0.282854872789445
"285","0.0740979251159392",0.621316544117642,"Cfl1",0.282854872789445
"286","0.074114880522719",0.621288367634279,"Efhd2",0.282854872789445
"287","0.0749873005677539",0.619843965201913,"Chchd3",0.284675380350264
"288","0.0750006206665807",0.619821993400996,"Gsta2",0.284675380350264
"289","0.075805348039737",0.618499057539271,"Pdzk1",0.286947961465635
"290","0.0760151832716265",0.618155535471313,"Actn1",0.286962466930557
"291","0.0765314805758969",0.61731280620767,"Ganab",0.2873540497095
"292","0.0770264409818823",0.616508216028424,"Cox7a2",0.287592258995068
"293","0.0772746969243388",0.616105869462144,"Aox3",0.287592258995068
"294","0.0774207445248746",0.615869546255936,"Pcyt1a",0.287592258995068
"295","0.077716571118658",0.61539170905928,"Acot12",0.287909571023693
"296","0.0796062213358297",0.612365745646044,"Slc16a1",0.293363667515372
"297","0.0810054459364035",0.610153700199002,"Pbld1",0.297732417386306
"298","0.0812560823198786",0.609759971802038,"Fn1",0.297867691241029
"299","0.082276897039291",0.608164075328458,"Cox6c",0.298704183207652
"300","0.0823351544715182",0.608073368563782,"Psmd3",0.298704183207652
"301","0.0823420002525043",0.608062712295378,"Vdac1",0.298704183207652
"302","0.0840983389708952",0.605346646476158,"Thnsl2",0.304283081003784
"303","0.084985750803499",0.603987628402526,"Gsr",0.305432374314483
"304","0.0873227149227741",0.600450054028518,"Cdh2",0.311101130146865
"305","0.0895431158634928",0.597142514337224,"Ccdc93",0.317291845459855
"306","0.0896443683000147",0.596992895296442,"Dpyd",0.317291845459855
"307","0.0898382932978699",0.59670662503366,"Rps27l",0.317291845459855
"308","0.0899714852524355",0.596510228060621,"Pcbp2",0.317291845459855
"309","0.0912851075551724",0.59458272592077,"Gsn",0.3203026569883
"310","0.0922740524272875",0.593142825405748,"Hal",0.322959183495506
"311","0.0934911680646814",0.591383627879169,"Txn1",0.325773775765111
"312","0.0937088582578627",0.591070463043345,"Myl12b",0.325773775765111
"313","0.0943181420681398",0.590196318610641,"Clic4",0.326418512899207
"314","0.0958612802949385",0.587997699248409,"Hibch",0.330254458703412
"315","0.0978346418230303",0.585217372910484,"Cct7",0.334849277787423
"316","0.0988941960769689",0.583738631127501,"Bet1",0.335060304601549
"317","0.0989609954696578",0.583645728272857,"Eif3a",0.335060304601549
"318","0.0990989558476943",0.583453977390387,"Dsg2",0.335060304601549
"319","0.101712865783362",0.579851186124319,"Lyn",0.343065428659136
"320","0.102419783088544",0.578886522381367,"Acadsb",0.344615357107106
"321","0.104952027390091",0.575463784494461,"Nono",0.349756397498557
"322","0.105748652260282",0.574397383607064,"Calr",0.350859341241226
"323","0.105786736052631",0.574346524804274,"Eif2s3x",0.350859341241226
"324","0.106397081488499",0.573532949551031,"Atp11c",0.351255669976171
"325","0.110643946547475",0.567948555554456,"Ppm1g",0.359434558414369
"326","0.111032565750178",0.567444048864136,"Vdac3",0.359693869976739
"327","0.114273849618765",0.563277013657761,"Stard5",0.367629266787389
"328","0.114810318453067",0.562594206449899,"Tmbim6",0.367629629934489
"329","0.115307375631824",0.561963269711036,"Ces1d",0.367629629934489
"330","0.11644229988456",0.560528752960933,"Ppib",0.367629629934489
"331","0.116965995950226",0.559869641264214,"Arpc4",0.367629629934489
"332","0.117012169115373",0.559811613733432,"Fgb",0.367629629934489
"333","0.11741011892866",0.559312063300353,"Pcx",0.367629629934489
"334","0.120673128369871",0.555253681592788,"Hc",0.375218008525068
"335","0.121070596026626",0.55476383406004,"Ugt2b5",0.375615457160557
"336","0.121867941809241",0.553784056275424,"Ndufb5",0.377111422898385
"337","0.1234987086062",0.551792018262028,"Agl",0.37952414392114
"338","0.124447703096007",0.55063999977147,"Amdhd1",0.37952414392114
"339","0.124513164624766",0.55056072690799,"Sacm1l",0.37952414392114
"340","0.125084128816278",0.549870348156635,"Rps2",0.37952414392114
"341","0.125180575756482",0.549753915114902,"Eif3f",0.37952414392114
"342","0.125327427281927",0.549576734950375,"Papss2",0.37952414392114
"343","0.126209939646971",0.548514553647831,"St13",0.381367561666444
"344","0.128138512913683",0.546208614752695,"Tmem30a",0.385522566930368
"345","0.128836349139722",0.545379313894675,"B2m",0.386786711964726
"346","0.131348467826344",0.542415795962594,"Lpgat1",0.392636085154715
"347","0.13175178221602",0.54194314759864,"Ubqln1",0.392998356802818
"348","0.13370283766306",0.53966868500658,"Gnas",0.396612372957792
"349","0.134670508541254",0.53854788702105,"Apoc1",0.397922283781797
"350","0.135996785683864",0.537019431601183,"Akr1c13",0.400514846633451
"351","0.137304080563665",0.535521430104901,"Rpl10",0.401736170022617
"352","0.137387171465452",0.535426502596647,"Rps15",0.401736170022617
"353","0.137409080692697",0.535401477952755,"Sar1b",0.401736170022617
"354","0.143197181021668",0.528870732513847,"Pdia5",0.413845794944364
"355","0.144287656683069",0.527657782934896,"Slc22a18",0.4146507610943
"356","0.144602952275689",0.527308076900502,"Tbc1d8b",0.4146507610943
"357","0.144666381831895",0.527237778773843,"Txndc12",0.4146507610943
"358","0.146189854914618",0.525554722740888,"Ces1c",0.416079038505095
"359","0.146380062848909",0.52534531213806,"Eif2s1",0.416079038505095
"360","0.146384491277048",0.525340438527804,"Itgb1",0.416079038505095
"361","0.146656571951032",0.5250411711738,"Acbd5",0.416079038505095
"362","0.14665815355779",0.525039432479586,"Hyou1",0.416079038505095
"363","0.147382273595713",0.524244539402247,"Kynu",0.417283551054529
"364","0.147911029641976",0.523665544250439,"Pah",0.417471876794728
"365","0.148347867202721",0.52318811184497,"Srrm1",0.417471876794728
"366","0.149032033121171",0.522442012601861,"Xdh",0.418551657535869
"367","0.149611862077993",0.521811257508266,"Metap2",0.418863304601541
"368","0.150175011905249",0.521200008927778,"Dnajc3",0.418863304601541
"369","0.150874965871916",0.520442130085199,"Cyp2a12",0.418863304601541
"370","0.152388874032181",0.518809909312615,"Gars",0.421100279521203
"371","0.152550160199804",0.518636575535552,"Apoe",0.421100279521203
"372","0.152751425944325",0.518420425190714,"Rpl22",0.421100279521203
"373","0.15296248487992",0.518193935157603,"Ythdf3",0.421100279521203
"374","0.154760031499265",0.516272279616493,"Clec4f",0.424371503697788
"375","0.155220953917547",0.515781623203993,"Bdh1",0.424505638487885
"376","0.155418431894344",0.515571664618148,"Acox2",0.424505638487885
"377","0.155951999476677",0.515005148121321,"Rpl30",0.425013071412894
"378","0.156679647485786",0.514234374285687,"Lars",0.425013071412894
"379","0.157367273879451",0.513507897669385,"Capn2",0.425013071412894
"380","0.158132001860087",0.512702118690356,"Dync1li1",0.425013071412894
"381","0.158781442502687",0.512019584547857,"Tra2b",0.425013071412894
"382","0.158950533524351",0.511842142209753,"Rpl36a",0.425013071412894
"383","0.159208448030776",0.511571699522621,"Pdha1",0.425013071412894
"384","0.159578361524631",0.511184259253713,"Cox4i1",0.425013071412894
"385","0.159875699512101",0.510873209299954,"Hp",0.425013071412894
"386","0.160369893231797",0.510356963974392,"Pnn",0.425514783375035
"387","0.161058842494755",0.509638803664746,"Fbl",0.426530356644855
"388","0.162164837337929",0.508489613349052,"Zadh2",0.427299039008838
"389","0.162269340729128",0.508381262567045,"Ppp2r1a",0.427299039008838
"390","0.163099502152321",0.507521963388797,"Rpl35",0.427339406592182
"391","0.163982962825424",0.50661025770162,"Hsd17b11",0.428570857815789
"392","0.165444966478046",0.505107702896078,"Pdia3",0.431582094202094
"393","0.165859821982481",0.504682732872649,"Derl1",0.431855573872142
"394","0.166722760941593",0.503800707743464,"Psme2",0.433292548491864
"395","0.167627137650169",0.50287913810177,"Msn",0.434718325790443
"396","0.167895519939166",0.502606203107531,"Ahsa1",0.434718325790443
"397","0.168210030688917",0.502286675565144,"Psma5",0.434724624767461
"398","0.169149112097065",0.501334648904633,"Dnaja2",0.435596727378766
"399","0.169602115641",0.500876484058367,"Acaa2",0.435896212339323
"400","0.172354712120659",0.49810747434157,"Tapt1",0.44053231923684
"401","0.172890785493804",0.497571153962211,"Mrpl12",0.441093157862397
"402","0.173311125136",0.497151284959087,"Acad10",0.44135721629698
"403","0.175267508658907",0.495204702010556,"Dars",0.444135561195267
"404","0.176495523482087",0.493989163806217,"Psmd2",0.444589989530827
"405","0.178507866067484",0.492007636081089,"Atp5j2",0.448847396086652
"406","0.179533900493753",0.491002202879814,"Pdxk",0.449286938124673
"407","0.180008630611117",0.490538109535736,"Cyc1",0.449286938124673
"408","0.180239332135004",0.490312828092345,"Adk",0.449286938124673
"409","0.18029533267171",0.490258167929058,"Eif3h",0.449286938124673
"410","0.180722304110424",0.489841732606145,"Maob",0.44954673147468
"411","0.182535785928526",0.488079192703363,"Rab10",0.453248395362632
"412","0.186156769600652",0.484589365918875,"Cct2",0.457450244000712
"413","0.186299275509669",0.484452810296581,"Reep6",0.457450244000712
"414","0.186761143564555",0.484010632447779,"Pygl",0.457450244000712
"415","0.187814175981168",0.483004795630285,"Hsd17b7",0.457450244000712
"416","0.18851739155405",0.482334868226652,"Gls2",0.457450244000712
"417","0.188834840423484",0.482032908122905,"Ndufa13",0.457450244000712
"418","0.188968105150523",0.48190623084642,"Bsg",0.457450244000712
"419","0.189211112237068",0.481675365471279,"Clu",0.457450244000712
"420","0.189413746812819",0.481482983136931,"Slc25a10",0.457450244000712
"421","0.189482261872513",0.481417960812717,"Ptk2",0.457450244000712
"422","0.189819887049541",0.481097740248098,"Anxa2",0.457472495951575
"423","0.190446534727746",0.480504245388139,"Mvp",0.457710092143047
"424","0.190719679519687",0.480245895385889,"Dpp4",0.457710092143047
"425","0.190964948466842",0.480014088724909,"Ndufc2",0.457710092143047
"426","0.191232787959263",0.479761141636096,"Plxnb2",0.457710092143047
"427","0.191636876229773",0.479379898312151,"Ppia",0.457890512157931
"428","0.192924591133615",0.478167989703263,"Ndufaf2",0.460178005906037
"429","0.193858549965135",0.477291852523461,"Clptm1",0.460827576964903
"430","0.19436518764815",0.476817571990129,"Uba1",0.460850403816739
"431","0.198806386647246",0.472689342600225,"Ndufa12",0.467242117260102
"432","0.199868550231079",0.471709694302426,"Napa",0.467242117260102
"433","0.199911200206045",0.471670418431121,"Psmc3",0.467242117260102
"434","0.201185586138678",0.470499001809508,"Psma3",0.468274844764078
"435","0.201616126008747",0.470104185085311,"Aldh7a1",0.468274844764078
"436","0.201697707723221",0.470029425439002,"Eif4a1",0.468274844764078
"437","0.202672370044717",0.469137567148962,"Lamp1",0.469754761185176
"438","0.204278679907232",0.467672920958511,"Ddah1",0.472570844940802
"439","0.20526383357128",0.466777818025751,"Nploc4",0.473398212193366
"440","0.206236770869299",0.465896155194002,"Hint2",0.474855903836254
"441","0.208155437400642",0.464164227173456,"Gusb",0.478482713364842
"442","0.209000602878085",0.46340412849609,"Psmd5",0.479595677018146
"443","0.20932819212278",0.46310996952424,"Ahnak",0.479595677018146
"444","0.210626610699984",0.461946553883437,"Gphn",0.48122105424054
"445","0.210728530571952",0.461855399329928,"Dpp3",0.48122105424054
"446","0.212802751969148",0.460005537666145,"Cps1",0.484369662570299
"447","0.213864196682217",0.459062756286704,"Atp1b1",0.485200042309981
"448","0.215454408211337",0.457655138219693,"Nedd4",0.487979705571538
"449","0.215790020554248",0.45735879444167,"Ncln",0.487979705571538
"450","0.220942803665275",0.45284036380932,"Tomm70a",0.497210542012485
"451","0.221445035791203",0.452403069170071,"Atp5e",0.497536991705074
"452","0.223019073774075",0.451036059902685,"Slc25a11",0.498660625629673
"453","0.223860454738005",0.450307508970647,"Nceh1",0.499029079251755
"454","0.224375564001214",0.449862215292524,"Abcg2",0.499029079251755
"455","0.224406577954695",0.449835422677243,"Sntb1",0.499029079251755
"456","0.224616821745047",0.449653848707628,"Pecr",0.499029079251755
"457","0.227174066323118",0.447452710969495,"Myo1c",0.502025947401468
"458","0.227407302807126",0.447252627929124,"Farsa",0.502025947401468
"459","0.229855616161769",0.44515904189029,"Rpl26",0.505048709894865
"460","0.23024656995551",0.444825857872349,"Ndufb11",0.505048709894865
"461","0.230961714799979",0.44421718242259,"Pabpc4",0.505048709894865
"462","0.231782227255258",0.443520086710528,"Rpl18",0.505048709894865
"463","0.232603462709381",0.442823717458306,"Sec31a",0.505048709894865
"464","0.23276473205492",0.442687125445223,"Samhd1",0.505048709894865
"465","0.233629864637008",0.441955249854392,"Srp68",0.505870301885274
"466","0.235723550339135",0.44019011282249,"Safb",0.508301711489807
"467","0.24036380706732",0.436308004728085,"Pgls",0.515911838589795
"468","0.24083306075183",0.435917680354725,"Gys2",0.51612377481123
"469","0.245152277857415",0.432344019171185,"Acsm5",0.521369653519663
"470","0.246909589526184",0.430899728649899,"Cmpk1",0.523688046851907
"471","0.247153734494698",0.430699508545582,"Rbm14",0.523688046851907
"472","0.248007692468576",0.430000020834224,"Hdgf",0.523688046851907
"473","0.248357247383122",0.429714068030661,"Anxa6",0.523688046851907
"474","0.248380830593907",0.429694783584336,"Eif4e",0.523688046851907
"475","0.248498060997208",0.429598936561123,"Acy1",0.523688046851907
"476","0.250345819438911",0.428091400839303,"Cse1l",0.525487607835928
"477","0.251889459990958",0.426836538195215,"Cyp4f13",0.525487607835928
"478","0.252227026115925",0.426562669871428,"Aadac",0.525487607835928
"479","0.252236780887727",0.426554758705529,"Gsto1",0.525487607835928
"480","0.252369856168152",0.426446850317653,"Ndufab1",0.525487607835928
"481","0.253932344123034",0.425182118343046,"Cmas",0.527750801218188
"482","0.254745665199313",0.424525428177914,"Psmd4",0.527750801218188
"483","0.25544751899805",0.423959634958652,"Ndufs4",0.527750801218188
"484","0.256108787956565",0.423427314733365,"Pcca",0.527750801218188
"485","0.261286801157047",0.419284003715049,"Pdxdc1",0.532830445059946
"486","0.261633901235465",0.419007825534249,"Acaca",0.532830445059946
"487","0.264661129758557",0.41660730338368,"Pcbp1",0.535909630752245
"488","0.264810167707414",0.416489495018126,"Ccdc22",0.535909630752245
"489","0.266306901009708",0.415308321462844,"Prep",0.535909630752245
"490","0.266342636627024",0.415280162872377,"Rpl3",0.535909630752245
"491","0.268005157543382",0.413972337684672,"Nit2",0.537941187979728
"492","0.271578173250073",0.411175969291677,"Etf1",0.543546545024931
"493","0.275817858369817",0.407882733156423,"Eif4h",0.549597420686294
"494","0.276814439744187",0.407112471549742,"Nmt1",0.549597420686294
"495","0.277001799560847",0.406967822060677,"Aldoa",0.549597420686294
"496","0.277729366074463",0.406406593854489,"Rnps1",0.549597420686294
"497","0.278152319873537",0.406080689081786,"Upb1",0.549597420686294
"498","0.280610028102655",0.404191999329573,"Npepps",0.552284793972959
"499","0.281483329177793",0.403522960821745,"Erlin2",0.552284793972959
"500","0.282024021911872",0.403109274758795,"Pex14",0.552544954322416
"501","0.283821426516579",0.401737023173645,"Pabpc1",0.552976661703823
"502","0.283832242008782",0.401728779605734,"Fth1",0.552976661703823
"503","0.286516726077928",0.399687671856193,"Tmed4",0.555907917371191
"504","0.290293856307506",0.396832447362633,"Abat",0.561637974772716
"505","0.291289667073397",0.396082884672413,"Actb",0.562782949005884
"506","0.292763136361227",0.394976195260013,"Cyb5r3",0.564846328187243
"507","0.293651401960685",0.394310421727399,"Bckdhb",0.5651308122337
"508","0.294536625113616",0.393647956460354,"Iqgap1",0.565916577632093
"509","0.296280919076669",0.392345578981941,"Ppcs",0.567577597284554
"510","0.296623467927606",0.392090276728379,"Syncrip",0.567577597284554
"511","0.298279277428917",0.390858321126112,"Pacsin2",0.569963008859371
"512","0.298859685008974",0.390427314293744,"Krt8",0.570289782489727
"513","0.301245911967391",0.388659792892621,"Akr1c14",0.573364107268525
"514","0.301293988887696",0.388624254987604,"Mtdh",0.573364107268525
"515","0.30395149771739",0.386664327534573,"Itih4",0.577632246003171
"516","0.306424570321171",0.38484823496246,"Prpf6",0.579958459860586
"517","0.31042133313334",0.381928863850805,"Akr1c19",0.585930781916995
"518","0.310845432566564",0.381620205942284,"Car5a",0.585937330940763
"519","0.312514780536635",0.380407321708567,"Fgg",0.586702276667834
"520","0.3132875794664",0.379846942357873,"Ufsp2",0.587266506143386
"521","0.313658492871988",0.37957822950216,"Psap",0.587266506143386
"522","0.314460531376129",0.37899772931169,"Akr1c12",0.587977879472413
"523","0.317436681979154",0.376850130268112,"Apeh",0.592287624055307
"524","0.317680725871462",0.37667447703678,"Dnaja3",0.592287624055307
"525","0.321168362330698",0.374171563841408,"Ppid",0.595722408424317
"526","0.323147385883446",0.372757356372456,"Ttpa",0.598596154967607
"527","0.325405182483222",0.371149205947463,"Hpx",0.599420753894565
"528","0.32768745053211",0.369529262403482,"Srprb",0.600616603409512
"529","0.329500655239228",0.368246250411074,"Pex5",0.603146403085735
"530","0.33271258432941",0.365982071544078,"Poldip2",0.607429397078464
"531","0.335898106763086",0.363747155889447,"Abcc2",0.61165283137897
"532","0.335904103377539",0.363742958636631,"Sec14l4",0.61165283137897
"533","0.337664892903965",0.362512108943679,"Sec24a",0.614056391403686
"534","0.338613890793586",0.361850037951586,"Rbp1",0.614979334909342
"535","0.341090376365219",0.360126591160256,"Plin3",0.617063499060714
"536","0.342363990596079",0.359242641471675,"Rdx",0.617413535960654
"537","0.346542600920888",0.356353722423419,"Cyp4v3",0.620938748398774
"538","0.347244282126809",0.355870279695365,"Phb2",0.620938748398774
"539","0.347807545630276",0.355482547963125,"Ppp1ca",0.62114860392689
"540","0.350115913481488",0.353896727767043,"Ogdh",0.624470508936892
"541","0.351073222451002",0.353240559379946,"Ola1",0.625377236412079
"542","0.35237166492863",0.352351953614605,"Dhrs4",0.626888543097805
"543","0.356486880220733",0.349546077454575,"Oxsm",0.631789089246159
"544","0.361707234086681",0.346009072115449,"Aars",0.638079984955317
"545","0.361868763901436",0.345900021836046,"Gss",0.638079984955317
"546","0.364072572857392",0.344414535024538,"Cyp4b1",0.640358048855989
"547","0.36410635251011",0.344391799281891,"Cdv3",0.640358048855989
"548","0.364539793785211",0.344100156724782,"Atp6v1e1",0.640358048855989
"549","0.366647448740723",0.34268437128968,"Farsb",0.64235135991078
"550","0.367191454699235",0.342319575264784,"Letm1",0.64235135991078
"551","0.369057896108283",0.34106994433162,"Prodh2",0.643260850299876
"552","0.370348314386576",0.340207735326491,"Cryz",0.643260850299876
"553","0.371825291471162",0.339222626434793,"Eif2s2",0.64482603798405
"554","0.373555487309412",0.338070986830552,"Nomo1",0.64482603798405
"555","0.374026876303742",0.337757663232258,"Eno1",0.64482603798405
"556","0.374606645000966",0.337372558064577,"Ykt6",0.645027263889179
"557","0.378871124069895",0.334548539158542,"Snrnp200",0.646723023063572
"558","0.381142491836958",0.33305051519616,"Phyh",0.646723023063572
"559","0.382580789450365",0.33210409225829,"Elavl1",0.646723023063572
"560","0.382828740274024",0.331941105602566,"Acsf3",0.646723023063572
"561","0.383000231928012",0.331828407185545,"Sec13",0.646723023063572
"562","0.383087726342214",0.331770917987705,"Xpo1",0.646723023063572
"563","0.383959185027658",0.331198651963733,"Lasp1",0.646723023063572
"564","0.384797391870618",0.330648795764002,"Ap1m1",0.646723023063572
"565","0.385600372234044",0.330122573632294,"Tgm1",0.646723023063572
"566","0.385845725711956",0.329961886917315,"Bphl",0.646723023063572
"567","0.386574942158112",0.329484590894769,"Cand1",0.646723023063572
"568","0.38693206872095",0.329250993412696,"Abcc6",0.646723023063572
"569","0.387136785198514",0.329117133216502,"Rplp2",0.646723023063572
"570","0.387370462482692",0.328964376506407,"Nit1",0.646723023063572
"571","0.387496052394447",0.328882295156047,"Rbm39",0.646723023063572
"572","0.388040131956614",0.328526846381398,"Elovl2",0.646723023063572
"573","0.388890753748582",0.327971598317533,"Rrbp1",0.647222007134737
"574","0.389750585033846",0.327410913849814,"Vat1",0.647878955790152
"575","0.391797612635951",0.326078387463062,"Slc25a13",0.648474588678915
"576","0.391845069239649",0.326047533718687,"Eef1a1",0.648474588678915
"577","0.392424577788672",0.325670908215193,"Clint1",0.648474588678915
"578","0.392936934428331",0.325338140154215,"Tmed2",0.648474588678915
"579","0.393367571739902",0.325058603333946,"Ppm1a",0.648474588678915
"580","0.394251805979862",0.324485070664788,"Acsf2",0.648523743782456
"581","0.394328507526016",0.324435348572886,"Apoa1",0.648523743782456
"582","0.397262714955488",0.322536586396422,"Cpsf6",0.651043484627053
"583","0.398779502674395",0.321557595548506,"Cops4",0.652761277585702
"584","0.399995840428512",0.320773766343293,"Anpep",0.653983809526898
"585","0.400934476898112",0.320169642836131,"Txnl1",0.654749972238066
"586","0.4039957721234",0.318203841329484,"Ndufs3",0.658205977272393
"587","0.413817663930019",0.311942284035691,"Prkcsh",0.671068691332382
"588","0.414981962040456",0.311204535207162,"Adhfe1",0.67139740863024
"589","0.41527733283584",0.311017524833445,"Rpsa",0.67139740863024
"590","0.415548400102665",0.310845954906524,"Prpf19",0.67139740863024
"591","0.416550517233711",0.310212111702392,"Cltc",0.67139740863024
"592","0.416912245847206",0.309983486213474,"Lpcat3",0.67139740863024
"593","0.418734390392995",0.308833184594363,"Lrpprc",0.67355312450051
"594","0.422955533483975",0.306177047164925,"Hao1",0.677994313168213
"595","0.424680342014334",0.305095145821753,"Etfb",0.678327862759241
"596","0.425111431578476",0.304825048680986,"Ak2",0.678327862759241
"597","0.426734742852899",0.303809067991518,"Fkbp3",0.680139012350215
"598","0.430085102739387",0.301717618848868,"Rps25",0.682681884094254
"599","0.430780600228894",0.301284367686504,"Rpl18a",0.682681884094254
"600","0.433010718216553",0.299897235563776,"Ndufa10",0.684470638789694
"601","0.436198907280233",0.297919669251906,"Rpl6",0.68735868534091
"602","0.437188921743287",0.297306885094101,"Vps26a",0.687796446846445
"603","0.437464215295011",0.297136596877014,"Cyp3a25",0.687796446846445
"604","0.438960508253747",0.296211860238663,"Cenpv",0.689370899658929
"605","0.442018568380815",0.294326224366717,"Shmt1",0.691950075538282
"606","0.443085617411406",0.29366961751765,"Dld",0.691950075538282
"607","0.445248308976133",0.29234092822942,"Pnp",0.691950075538282
"608","0.445762201488197",0.29202562395644,"Trap1",0.691950075538282
"609","0.446411522773937",0.291627452682127,"Glyctk",0.691950075538282
"610","0.447479875835638",0.290972875469858,"Capza2",0.691950075538282
"611","0.450963650223636",0.288843085185048,"Kmo",0.696443863371979
"612","0.451918203974555",0.288260770849343,"Acat1",0.6970106327015
"613","0.453280210355054",0.287430816278211,"Slc10a1",0.6970106327015
"614","0.457127874344846",0.285091998516338,"Fam162a",0.700788275158377
"615","0.457698259251628",0.284746010974761,"Abca6",0.700788275158377
"616","0.457729645250378",0.284726978049932,"Lmnb1",0.700788275158377
"617","0.459002708732715",0.283955446065268,"Cars",0.700788275158377
"618","0.459872234324868",0.283429003680596,"Rpl9",0.700788275158377
"619","0.459923188848599",0.283398167211818,"Cbs",0.700788275158377
"620","0.460046345594539",0.283323641720235,"Thrap3",0.700788275158377
"621","0.460160987820811",0.283254276282914,"Iars",0.700788275158377
"622","0.460316778011425",0.283160025727065,"Nampt",0.700788275158377
"623","0.464983769769414",0.280342868598834,"Lipa",0.706349390718423
"624","0.465658380899354",0.279936650303994,"Ugp2",0.706603621560784
"625","0.466516069828306",0.279420552915294,"Acacb",0.70713480442963
"626","0.469649425839053",0.277538534708649,"Csde1",0.710338382403693
"627","0.476439000658872",0.273478571493514,"Echdc1",0.718808998635687
"628","0.476907283420443",0.273199453168335,"Cpt2",0.718808998635687
"629","0.477581359735765",0.272797874083014,"Tmed9",0.718808998635687
"630","0.478379133146753",0.272322909629371,"Tpp2",0.718858826832176
"631","0.482329461927025",0.269975895133993,"Gdi2",0.722690210729402
"632","0.482485208886105",0.269883525637101,"A1cf",0.722690210729402
"633","0.483353769742925",0.269368632099599,"Ttc38",0.723213535179264
"634","0.484500095620969",0.268689664753905,"Golim4",0.724150893991427
"635","0.486510253394172",0.267500658904563,"Sarnp",0.72569739312254
"636","0.486576715848135",0.267461381262808,"Aldh4a1",0.72569739312254
"637","0.488020290528471",0.266608812046366,"Rhot1",0.727071940862203
"638","0.490435094353011",0.2651849647566,"Ttc36",0.729110017538681
"639","0.493027353434788",0.263659694701951,"Hmgb1",0.731263720827489
"640","0.493967125585283",0.263107552478007,"Psmd11",0.731263720827489
"641","0.505289578371952",0.256488651488509,"Tomm20",0.74255970353999
"642","0.505878793007502",0.256145863290852,"Eps15",0.74255970353999
"643","0.508745931279628",0.254480134656785,"Nipsnap1",0.745197773157226
"644","0.512228316896919",0.252462025354494,"Rpl23",0.74951055193005
"645","0.513316898981002",0.251832298357159,"Nsf",0.750315257377267
"646","0.51563844121963",0.250491100344428,"Ap2a1",0.752130207977952
"647","0.516608484457121",0.249931400470116,"Taf15",0.752756923481977
"648","0.518002695718167",0.249127692613448,"Gapdh",0.753212688032784
"649","0.523602562818226",0.245908173237953,"Ndufb8",0.759761031880625
"650","0.524739773610258",0.245256019413858,"Hnrnpk",0.759761031880625
"651","0.524839651231505",0.245198769333502,"Pitpna",0.759761031880625
"652","0.525233218737288",0.244973217137441,"Dpys",0.759761031880625
"653","0.527582675969312",0.24362812617708,"Fkbp8",0.760039252039209
"654","0.528153622379005",0.243301606993285,"Otc",0.760039252039209
"655","0.529821199594104",0.24234872219834,"Esd",0.761652147610513
"656","0.53126116838281",0.241526836731327,"Endog",0.762926584857762
"657","0.534508424427402",0.239676581143779,"Ssr4",0.7639420500831
"658","0.535117989800465",0.239329742429725,"Rpl28",0.7639420500831
"659","0.535801423496905",0.238941054601861,"Eef1b2",0.7639420500831
"660","0.540548515330924",0.236246501601275,"Psma2",0.76879575158384
"661","0.541449695218405",0.235736000023706,"Cobll1",0.768847528480365
"662","0.54233362929884",0.235235583656016,"Set",0.769318478221267
"663","0.543552302461619",0.23454617413318,"Dync1li2",0.769483141398173
"664","0.543554494713426",0.234544934497233,"Cxadr",0.769483141398173
"665","0.546246179682067",0.233024321242604,"Mcfd2",0.770458927479919
"666","0.546424643241529",0.232923602703111,"Ddost",0.770458927479919
"667","0.548899236725954",0.231528312732208,"Psme1",0.772490493692649
"668","0.549612058363306",0.231126833100808,"Ufm1",0.772490493692649
"669","0.550115269018742",0.230843530279053,"Lonp2",0.772490493692649
"670","0.551396091706043",0.230122880150217,"Tial1",0.772559659477362
"671","0.551828328198116",0.229879826327825,"Tpd52",0.772559659477362
"672","0.55308174600054",0.229175413287331,"Sec61b",0.773537020259792
"673","0.554881872737271",0.228164801347162,"Sf3b3",0.774499447618255
"674","0.556040511073839",0.227514978353302,"Pura",0.774816469615565
"675","0.556221442652954",0.227413548526309,"Matr3",0.774816469615565
"676","0.559772566016656",0.22542528233326,"Faah",0.77887371550836
"677","0.562460165095168",0.223923618642786,"Rps11",0.780723524992415
"678","0.562842606353098",0.223710150505378,"Khdrbs1",0.780723524992415
"679","0.563264280414485",0.223474845877703,"Mrpl19",0.780723524992415
"680","0.572449060939218",0.218365471758232,"Clybl",0.79030876302114
"681","0.573553788046207",0.217752953175197,"Hmox2",0.79104992747363
"682","0.575951448429617",0.216425036344453,"Fermt2",0.791852947179302
"683","0.579620186397191",0.214397010460066,"Fads1",0.791852947179302
"684","0.579768870627265",0.2143149176282,"Pafah1b1",0.791852947179302
"685","0.579820535623035",0.214286393672957,"Gstp2",0.791852947179302
"686","0.583414880667715",0.212304207995502,"Dnajb4",0.795202474334762
"687","0.588487066636043",0.209514431817141,"Cyp8b1",0.800327063317477
"688","0.59083435135355",0.208226279140422,"Hnrnpa2b1",0.801394597308175
"689","0.595572347650588",0.205631617911725,"Gcat",0.806984286192364
"690","0.597743425043825",0.204445090694545,"Snrpa",0.806984286192364
"691","0.6018770116974",0.202190157684258,"Lmna",0.809663420842544
"692","0.60331773649263",0.201405482033518,"Rps9",0.809663420842544
"693","0.603324214525887",0.201401955301722,"Eif4g2",0.809663420842544
"694","0.605436007668705",0.200252959417767,"Abcd3",0.810155964152263
"695","0.610231923754329",0.197648661540849,"Luc7l3",0.814575039394613
"696","0.610796692927097",0.197342438760049,"Nrd1",0.814575039394613
"697","0.612893145576081",0.196206563795729,"Hint1",0.814575039394613
"698","0.616262339365205",0.194383857256327,"Gpi1",0.814575039394613
"699","0.616524293597753",0.194242283074136,"Rars",0.814575039394613
"700","0.61678920184259",0.194099132954478,"Myh9",0.814575039394613
"701","0.619432187173202",0.192672054308756,"Mybbp1a",0.814984172344868
"702","0.619692485308128",0.192531616876992,"Ddi2",0.814984172344868
"703","0.619777229542837",0.192485899472512,"Rpl23a",0.814984172344868
"704","0.62511040160377",0.189612958169111,"Casp3",0.819142672567166
"705","0.625487892690445",0.189409915262719,"Glrx3",0.819142672567166
"706","0.625676815227182",0.189308313815255,"Samm50",0.819142672567166
"707","0.628437132577103",0.187824982679106,"Erap1",0.8206697180186
"708","0.629946434335169",0.187014824595355,"Lrrc59",0.8206697180186
"709","0.63300666468526",0.185374110490838,"Hsd3b5",0.822106797563156
"710","0.633252400420148",0.1852424738868,"Coq9",0.822106797563156
"711","0.639088514682047",0.182121009717014,"Abcb7",0.82481675631432
"712","0.639338678328625",0.181987414991731,"Snrpa1",0.82481675631432
"713","0.641665644386424",0.180745549215102,"Trf",0.826100039399527
"714","0.642592737721327",0.180251175535038,"Gps1",0.826529717124477
"715","0.643719371184729",0.179650703051165,"Psmc6",0.827215022195874
"716","0.644652745963932",0.179153486892289,"Rpl38",0.82765094481821
"717","0.645740233568509",0.178574461997156,"Slc25a20",0.827763472359662
"718","0.64780429979692",0.177476313697938,"Sec63",0.82940385075102
"719","0.650403933585717",0.176094795994053,"Wdr1",0.82997439452557
"720","0.652880782623888",0.174780141090557,"Plg",0.832079533572805
"721","0.657519433213641",0.172322224872749,"Rps14",0.833550869677754
"722","0.657899760158644",0.172120937066738,"Pcbd1",0.833550869677754
"723","0.658223945904903",0.171949390322033,"Copb1",0.833550869677754
"724","0.659758636392496",0.171137643791652,"Tmod3",0.834160194458276
"725","0.661613000305213",0.170157585876033,"Zmpste24",0.834759062940823
"726","0.662462179940162",0.169709063348992,"Atp2a2",0.834759062940823
"727","0.663468442794713",0.169177799488648,"Rab11b",0.834759062940823
"728","0.664729670162788",0.168512272038466,"Jup",0.834759062940823
"729","0.665092653879776",0.168320803158327,"Eif3l",0.834759062940823
"730","0.67167672059916",0.16485326180194,"Psma6",0.84065199622159
"731","0.675627847544134",0.162777270453506,"Ddx58",0.844080351236752
"732","0.677898272277804",0.161585980675806,"Mccc2",0.844645276452392
"733","0.677899080454971",0.161585556836075,"Rab5c",0.844645276452392
"734","0.680892675451602",0.160016616760225,"Commd10",0.847184738450177
"735","0.681153558552906",0.159879984192634,"Rps20",0.847184738450177
"736","0.683556105216009",0.158622413697423,"Tkt",0.848657446137166
"737","0.684184812942588",0.158293540503898,"Tjp1",0.848681606793433
"738","0.688992783497947",0.155781405326796,"Mdh1",0.851793798000126
"739","0.690561939699602",0.15496262413718,"Dnajb11",0.852039665191803
"740","0.691679678407486",0.154379715875513,"Mat1a",0.852663532762503
"741","0.694072549527963",0.153132718678473,"Gbe1",0.853488591295545
"742","0.694187059539018",0.15307307470351,"Mlycd",0.853488591295545
"743","0.700659844578877",0.149706134294566,"H2-D1",0.857172794841067
"744","0.70276666795061",0.148612110318863,"Acadm",0.857172794841067
"745","0.702853043311026",0.148567277068452,"Iyd",0.857172794841067
"746","0.703414278628821",0.14827600426318,"Ttr",0.857172794841067
"747","0.703500618835869",0.148231200687077,"Scfd1",0.857172794841067
"748","0.703690957357584",0.148132435779026,"Cpne3",0.857172794841067
"749","0.703970411279575",0.147987443091009,"Tpp1",0.857172794841067
"750","0.70893980002515",0.145411748198548,"Uqcrc2",0.858160659414833
"751","0.714587086113657",0.14249065526291,"Gclm",0.862582158541009
"752","0.717374285111874",0.141051251754482,"Eif3g",0.863203106493218
"753","0.718438802965279",0.140501892917242,"Anxa4",0.863203106493218
"754","0.718539675702602",0.140449847407177,"Acin1",0.863203106493218
"755","0.721269270798442",0.139042240562398,"Hnrnpr",0.864047685811805
"756","0.721329670655013",0.139011109293111,"Erp29",0.864047685811805
"757","0.729956919917192",0.134571420052495,"Dera",0.872815441583389
"758","0.731160711027885",0.133953017218596,"Atp6v0d1",0.87350503470141
"759","0.733091255827188",0.132961815439116,"Arhgdia",0.874813127674394
"760","0.733511653355127",0.132746058576165,"Acad8",0.874813127674394
"761","0.737030659510333",0.130941257881348,"Dnm1l",0.876009990356565
"762","0.741986370997615",0.128403277552516,"Ctsb",0.880589486851103
"763","0.742147923591669",0.128320612432433,"Tpi1",0.880589486851103
"764","0.744073701517099",0.12733555017482,"Nudt7",0.881826660336985
"765","0.744935656124206",0.126894852035007,"Raly",0.881826660336985
"766","0.746097856683495",0.126300842970812,"Sec14l2",0.881826660336985
"767","0.748714137182235",0.124964469559758,"Rpl27a",0.883245264485052
"768","0.74882459250312",0.124908074957999,"Sfpq",0.883245264485052
"769","0.75443766510745",0.122044870397018,"Atxn2l",0.886355877708206
"770","0.754440140551626",0.122043608812058,"Cox6b1",0.886355877708206
"771","0.761844703212403",0.118274307324259,"Gcdh",0.889401175492161
"772","0.76196839968056",0.118211412573363,"Pls3",0.889401175492161
"773","0.762509971056504",0.117936072892804,"Rsl1d1",0.889401175492161
"774","0.766674107652052",0.115820493969643,"Cap1",0.892700142846997
"775","0.768312988432288",0.114988587432542,"Sephs2",0.89337228120716
"776","0.773977042916376",0.112116558744466,"Snx2",0.897366366322626
"777","0.774811385001719",0.111693893682182,"Acad11",0.897366366322626
"778","0.775511896327048",0.111339103275649,"Rbbp7",0.897366366322626
"779","0.775613140741164",0.111287831538739,"Gclc",0.897366366322626
"780","0.779422352320284",0.109359857069994,"Dpysl2",0.898514335838351
"781","0.779830460896315",0.109153421730049,"Ctsh",0.898514335838351
"782","0.782396486410889",0.107855975031038,"Fasn",0.899239526048159
"783","0.783159944708804",0.107470129149454,"Usp9x",0.899374940626022
"784","0.786412021405169",0.105827457323106,"Cotl1",0.901623000672758
"785","0.788192728080405",0.10492860905058,"Tbl2",0.902470008414308
"786","0.788446518478258",0.104800538109173,"Rap1a",0.902470008414308
"787","0.789230725947934",0.104404856209276,"Arfip1",0.902625945193327
"788","0.79106842781141",0.103477943262922,"Isoc1",0.903460724041258
"789","0.791257776977986",0.103382463602019,"Baat",0.903460724041258
"790","0.792748931070271",0.102630712498857,"Gnai3",0.904035997299805
"791","0.794869698943932",0.101562051671433,"Adi1",0.905141656385394
"792","0.795329064907195",0.101330653290938,"Srrt",0.905141656385394
"793","0.798637988272417",0.0996646406263798,"Cdk5rap3",0.907863613952593
"794","0.800511166298871",0.0987221330492038,"Flnb",0.908424308906951
"795","0.801449202217998",0.0982503178455111,"Crip2",0.908424308906951
"796","0.801474139014101",0.0982377765944118,"Calm1",0.908424308906951
"797","0.804638042793439",0.0966472103797358,"Egfr",0.910528670683396
"798","0.807779937461883",0.0950689289743977,"Pex19",0.910628578247117
"799","0.813870054206342",0.0920130352057245,"Ssbp1",0.915353276108663
"800","0.81456426062432",0.0916649745707609,"Ywhag",0.915353276108663
"801","0.815928314319036",0.0909812293281689,"Arl1",0.915398046509294
"802","0.817477893526023",0.0902047476122681,"Ndufa5",0.916057539785546
"803","0.820587790350302",0.0886472275855292,"Pkp2",0.916057539785546
"804","0.821529791146438",0.0881756628951041,"Stoml2",0.916057539785546
"805","0.822018610719262",0.0879309992562316,"Ivd",0.916057539785546
"806","0.824865817546947",0.086506441766484,"Nsfl1c",0.918495670537887
"807","0.829125992714398",0.0843765723394937,"Aco1",0.920453136394898
"808","0.830178540930465",0.0838506508485097,"Htatip2",0.920731455028772
"809","0.834467413631108",0.0817088501020858,"Ak4",0.924751875249112
"810","0.840446155842715",0.0787262868993596,"Dhx15",0.929728323251827
"811","0.840785765689819",0.078556975668293,"Stt3a",0.929728323251827
"812","0.840960292388587",0.0784699704377954,"Rdh11",0.929728323251827
"813","0.846218146792263",0.0758502043724304,"Pds5b",0.932028471768111
"814","0.846261575067786",0.0758285769259648,"Actr3",0.932028471768111
"815","0.846386228849002",0.0757664998591459,"Ndufa9",0.932028471768111
"816","0.852477265247455",0.0727349527197957,"Gdi1",0.935416464772644
"817","0.852571545338232",0.0726880556869653,"Cul4a",0.935416464772644
"818","0.85350265604072",0.0722249433971679,"Ehd3",0.935416464772644
"819","0.854163491163534",0.0718963070053641,"Atp6v1a",0.935416464772644
"820","0.856514890485162",0.070727260286269,"Dnpep",0.93725470734158
"821","0.857507135358802",0.0702340914250966,"Tpd52l2",0.937603955694514
"822","0.863017574740379",0.0674968185217891,"Anxa5",0.94288900518694
"823","0.865844345137824",0.0660936314608582,"Prkar1a",0.945236028822092
"824","0.87513812585072",0.0614847963725562,"Hars",0.949533436439177
"825","0.87537497960061",0.0613674270555669,"Mecr",0.949533436439177
"826","0.877702029291527",0.0602145168288617,"Abcf1",0.949533436439177
"827","0.877730516285903",0.0602004057764121,"Aqp1",0.949533436439177
"828","0.877791947153933",0.0601699761579741,"Cnn3",0.949533436439177
"829","0.877960564345772",0.0600864535132448,"Upf1",0.949533436439177
"830","0.884703400515006",0.0567481562406634,"Ndufs7",0.952389363923805
"831","0.889892492644527",0.0541812671262752,"Eif4a2",0.955759631652911
"832","0.894382328363795",0.0519617261137154,"Rab8a",0.958365064162128
"833","0.895424987164831",0.0514464754777731,"Iah1",0.958744817156502
"834","0.900785459299142",0.0487985566752044,"Rps5",0.962630810711573
"835","0.901127478225335",0.0486296683516668,"Spcs3",0.962630810711573
"836","0.903201891961523",0.0476054746681011,"Lactb",0.963088995930714
"837","0.903719101006666",0.0473501538760545,"Hadha",0.963088995930714
"838","0.903968854953991",0.0472268681189409,"Fam120a",0.963088995930714
"839","0.904746432245053",0.0468430565136856,"Sec61a1",0.963088995930714
"840","0.909808796205674",0.0443451094738102,"Nop58",0.964508107393077
"841","0.912597819585242",0.0429695050335877,"Enpep",0.966517111422016
"842","0.918976515109679",0.0398249086097805,"Vkorc1l1",0.970205762455204
"843","0.922575711647335",0.038051441383458,"Gstm4",0.970655563689379
"844","0.923526357535953",0.0375831215331008,"Blmh",0.970922427205723
"845","0.926713352140234",0.0360133998623114,"Mtx2",0.972453833554454
"846","0.9270773086578",0.0358341654196524,"Tuba4a",0.972453833554454
"847","0.92814451701117",0.0353086398903611,"Ndufs8",0.972840716475967
"848","0.929573177809504",0.0346052005749397,"Ndufb10",0.973605591495217
"849","0.933077909174347",0.0328799118552438,"Ywhab",0.975890748937965
"850","0.934737478628356",0.0320631211347603,"Ddx21",0.975890748937965
"851","0.936453630771051",0.0312185946522546,"Isg15",0.975890748937965
"852","0.936904340153412",0.0309968170590721,"Eif3m",0.975890748937965
"853","0.936907054261018",0.03099548156921,"Rpl34",0.975890748937965
"854","0.938520840989522",0.0302014585195996,"Pmm2",0.975890748937965
"855","0.939240496639239",0.0298474009813894,"Arf3",0.975890748937965
"856","0.940949024724895",0.0290069107047426,"Lactb2",0.975890748937965
"857","0.941485634862466",0.0287429529649811,"Ddx17",0.975890748937965
"858","0.941490000297348",0.0287408056551833,"Serpinb9",0.975890748937965
"859","0.944388198752161",0.0273153573778994,"Des",0.976267109807201
"860","0.945098709994649",0.0269659428740918,"Pmpca",0.976267109807201
"861","0.945162494685991",0.0269345757117455,"Pcyt2",0.976267109807201
"862","0.945430244888668",0.0268029066271205,"As3mt",0.976267109807201
"863","0.948773600302423",0.0251589671725154,"Stim1",0.976374558347489
"864","0.950243113210742",0.0244365114989631,"Acot13",0.976374558347489
"865","0.950267766717551",0.02442439166098,"Nop56",0.976374558347489
"866","0.956695464626638",0.0212650759131955,"Man2a1",0.979386345007604
"867","0.959123971749493",0.0200717108601785,"Rbbp4",0.980954253044819
"868","0.962965929531916",0.0181840667087967,"Lcp1",0.981256349470535
"869","0.96364586222232",0.0178500345091986,"Serbp1",0.981256349470535
"870","0.968110045190728",0.0156571431818418,"Lmnb2",0.98364499850524
"871","0.97006962529883",0.0146946822989106,"Pnpo",0.98491762976769
"872","0.971225770517794",0.014126866052888,"Fmo3",0.985373268995839
"873","0.976009777206452",0.0117775343789215,"Cyp2c70",0.987350486309795
"874","0.978628001269866",0.0104919177581077,"Ddx3x",0.989280700848275
"875","0.981583806963489",0.00904064336213696,"Sult1d1",0.989697327204563
"876","0.990305370747341",0.00475892981978651,"Vapa",0.99402911750601
"877","0.991174762538297",0.0043321460610793,"Chdh",0.99402911750601
"878","0.995440747547371",0.00223802715566522,"Ap2m1",0.997589180815459
"879","0.999334617087228",0.000326619102566107,"Psmc4",0.999334617087228
"880","0.997317818747769",-0.00131661454530517,"Snrnp70",0.998034282698019
"881","0.996743711815929",-0.00159843012783084,"Gamt",0.998034282698019
"882","0.990626149320788",-0.00460145938191979,"Afg3l2",0.99402911750601
"883","0.990477033972153",-0.00467466014419658,"Ywhah",0.99402911750601
"884","0.989408682177602",-0.00519911809084577,"Dctn2",0.99402911750601
"885","0.986977376606013",-0.00639268301108503,"Rps26",0.993395582089723
"886","0.982592536628794",-0.00854538859663737,"Amacr",0.989697327204563
"887","0.982233618920817",-0.00872160475052674,"Mylpf",0.989697327204563
"888","0.981345787422837",-0.00915750511815069,"Aldh5a1",0.989697327204563
"889","0.980647388331494",-0.00950040558002477,"Wars",0.989697327204563
"890","0.974845244504182",-0.0123493810964955,"Dhfr",0.986889117437737
"891","0.9740422964848",-0.0127436824510898,"Scrn3",0.986793395638783
"892","0.973621391148696",-0.0129503791523467,"Ran",0.986793395638783
"893","0.966986305785751",-0.01620910775115,"Eprs",0.983220382452227
"894","0.96529320413021",-0.0170407817468388,"Vps35",0.98221580230342
"895","0.962588154749762",-0.018369661425742,"Spag9",0.981256349470535
"896","0.961808753848487",-0.0187525786769789,"Rpl32",0.981256349470535
"897","0.961181981927068",-0.0190605197464419,"Crot",0.981256349470535
"898","0.960488574477531",-0.0194012102438014,"Hgd",0.981256349470535
"899","0.956887879077781",-0.0211705183027252,"H13",0.979386345007604
"900","0.955530267965542",-0.021837705206133,"Timm13",0.979386345007604
"901","0.954614446219803",-0.0222878057064567,"Eppk1",0.979217911328561
"902","0.951966228493711",-0.0235894585876645,"Vamp8",0.97722104369325
"903","0.95044070432103",-0.0243393748183543,"Calu",0.976374558347489
"904","0.949988689800775",-0.0245615888939276,"Cmbl",0.976374558347489
"905","0.949272321988625",-0.0249137736844629,"Park7",0.976374558347489
"906","0.94879057415439",-0.0251506219573062,"Nudc",0.976374558347489
"907","0.943689521129966",-0.0276589686280456,"Vars",0.976267109807201
"908","0.94156293364869",-0.0287049306333137,"Sec62",0.975890748937965
"909","0.939865740776002",-0.0295398074047863,"Dkc1",0.975890748937965
"910","0.938376530120901",-0.030272459125357,"Rpl15",0.975890748937965
"911","0.935171476955655",-0.0318495378376745,"Psma4",0.975890748937965
"912","0.924407138614249",-0.0371492562594014,"Eif5b",0.971115493280278
"913","0.921745220671491",-0.0384606031034959,"Rpl8",0.970514809066808
"914","0.920755217491586",-0.0389483945757542,"Stat1",0.970205762455204
"915","0.920139158942777",-0.0392519605317185,"Ap2a2",0.970205762455204
"916","0.919883783908486",-0.039377803170194,"Plec",0.970205762455204
"917","0.918078064039919",-0.0402677079312837,"Tufm",0.970205762455204
"918","0.913785381007032",-0.0423838993731834,"Yars",0.966517111422016
"919","0.913728200611571",-0.042412094270573,"Sec22b",0.966517111422016
"920","0.907778787980637",-0.0453466154962693,"Rad23b",0.963088995930714
"921","0.907224268424568",-0.0456202275377949,"Mrps24",0.963088995930714
"922","0.907111447700813",-0.0456758978348768,"Agmat",0.963088995930714
"923","0.906367906738729",-0.046042808727264,"Abcb8",0.963088995930714
"924","0.905098072666112",-0.0466694984194181,"Ctnna1",0.963088995930714
"925","0.898963107471181",-0.0496985489120628,"Pon2",0.961793862294436
"926","0.893494096455631",-0.0524007181562045,"Ptrh2",0.958150328223783
"927","0.892629605926502",-0.0528280250860152,"Slc25a12",0.957960740412648
"928","0.887818430358132",-0.0552070243421036,"Hmgn5",0.954267803617961
"929","0.886297852791204",-0.0559592325807673,"Psmd13",0.953369041651079
"930","0.884441984092177",-0.0568775200706053,"Acp1",0.952389363923805
"931","0.880971249354477",-0.0585954954626141,"Mrrf",0.94983974485355
"932","0.880633987356875",-0.058762482282037,"Cct6a",0.94983974485355
"933","0.880486339116498",-0.0588355891912524,"L2hgdh",0.94983974485355
"934","0.879071418240554",-0.0595362568618899,"Slc9a3r1",0.94983974485355
"935","0.876555731992715",-0.0607823860748302,"Sars",0.949533436439177
"936","0.875429225243223",-0.0613405470398388,"Cct4",0.949533436439177
"937","0.874450554155454",-0.061825536308552,"Snrpd3",0.949533436439177
"938","0.874244390986674",-0.0619277116117195,"Picalm",0.949533436439177
"939","0.870793754511749",-0.0636383471208636,"Hnrnpa1",0.949151564972509
"940","0.869352654740844",-0.0643530404048656,"Pdia4",0.948322825414249
"941","0.853883733705686",-0.0720354269212156,"Larp4b",0.935416464772644
"942","0.851634558650123",-0.0731541696721246,"Rpl24",0.935416464772644
"943","0.847965228282498",-0.0749802913406625,"Psmd12",0.933029670614155
"944","0.844491142589901",-0.0767104042324421,"Trim28",0.932028471768111
"945","0.842021569615163",-0.0779409656230401,"Igtp",0.9301633992656
"946","0.82926682424666",-0.0843061969590663,"Npepl1",0.920453136394898
"947","0.82886325567606",-0.08450787114153,"Apool",0.920453136394898
"948","0.826546182759087",-0.0856661118378965,"Mrps5",0.919631655418058
"949","0.822001642841128",-0.0879394915622408,"Vps29",0.916057539785546
"950","0.821425730635457",-0.0882277506224407,"Gpt",0.916057539785546
"951","0.821127872800106",-0.0883768507154473,"Ccdc47",0.916057539785546
"952","0.820868445993599",-0.088506721275103,"Ptpn6",0.916057539785546
"953","0.816169686837432",-0.0908602613693882,"Stip1",0.915398046509294
"954","0.814815550879212",-0.0915389966854527,"Ndufa7",0.915353276108663
"955","0.810146628998104",-0.0938808482997905,"Acadvl",0.912315484393176
"956","0.807994919392273",-0.0949609800733767,"Ik",0.910628578247117
"957","0.80758989174431",-0.0951643613068271,"Hoga1",0.910628578247117
"958","0.806100716710309",-0.0959123091892049,"Rplp0",0.910628578247117
"959","0.80577852024897",-0.096074170026792,"Top1",0.910628578247117
"960","0.802207462608672",-0.0978690072165664,"Iars2",0.908516256434049
"961","0.799024257506015",-0.0994702490838998,"Tor1aip1",0.907863613952593
"962","0.793059575520719",-0.102474141018484,"Pmpcb",0.904035997299805
"963","0.785419001646974",-0.106328892042867,"Ndufb9",0.901226251477953
"964","0.781767896660157",-0.108173720370762,"Eif3d",0.899239526048159
"965","0.781159174450203",-0.108481475552012,"Grhpr",0.899239526048159
"966","0.779038281258906",-0.109554154952131,"Dctn1",0.898514335838351
"967","0.778295376109607",-0.109930043014846,"Aldh6a1",0.898514335838351
"968","0.777603969773315",-0.110279944833534,"Rpl12",0.898514335838351
"969","0.773625660498227",-0.112294594087696,"P4hb",0.897366366322626
"970","0.771307393762094",-0.113469646342833,"Rps15a",0.89610608799883
"971","0.767094092597168",-0.115607268286084,"Rpl14",0.892700142846997
"972","0.762982343656233",-0.117695951497138,"H2-Ke6",0.889401175492161
"973","0.761659005665078",-0.118368731621217,"Lpp",0.889401175492161
"974","0.759611882002693",-0.11941001779519,"Glo1",0.889192732461976
"975","0.757677849987843",-0.120394382559852,"Cyp17a1",0.887674722483655
"976","0.757056916430587",-0.120710544588903,"Myo18a",0.887674722483655
"977","0.755279559827452",-0.12161586408382,"Rpl37a",0.886355877708206
"978","0.754658499055702",-0.121932328497967,"Mrps22",0.886355877708206
"979","0.753516962054713",-0.1225141658285,"Hnrnpl",0.886355877708206
"980","0.753145319941339",-0.122703635873776,"Tpr",0.886355877708206
"981","0.746355802252193",-0.126169035873997,"Dcxr",0.881826660336985
"982","0.746209823690219",-0.126243627802434,"Cope",0.881826660336985
"983","0.736188577750201",-0.131372939661831,"Rps6",0.875756352524364
"984","0.735382964078959",-0.131786043180151,"Tars",0.875545699967513
"985","0.734214328780524",-0.132385500930504,"Rpl4",0.874902104355235
"986","0.722203635055093",-0.138560727700345,"Lta4h",0.864286652604591
"987","0.721383674514809",-0.138983275227484,"Col18a1",0.864047685811805
"988","0.718819528738071",-0.140305466776151,"Vtn",0.863203106493218
"989","0.718197347178586",-0.14062648044657,"Mrps23",0.863203106493218
"990","0.715481382121337",-0.142028647238796,"Bzw1",0.86291390934634
"991","0.711741681318212",-0.143961674215813,"Bckdha",0.859892595035793
"992","0.709692088762303",-0.145022259091101,"Cdc42",0.858160659414833
"993","0.709077387034875",-0.145340505647328,"Ghitm",0.858160659414833
"994","0.707029103569552",-0.146401497541316,"Cdc37",0.857172794841067
"995","0.706519701369485",-0.146665493725997,"Gnaq",0.857172794841067
"996","0.706127817514436",-0.146868621923725,"Alcam",0.857172794841067
"997","0.706101496392932",-0.146882266264161,"Srsf1",0.857172794841067
"998","0.705552697758873",-0.147166784303352,"Hagh",0.857172794841067
"999","0.70329944927554",-0.148335593757119,"Hnrnpu",0.857172794841067
"1000","0.700205107839705",-0.149942388478372,"Dtx3l",0.857172794841067
"1001","0.698814288656895",-0.150665241572891,"Atp5g2",0.857172794841067
"1002","0.698330524563612",-0.150916763541177,"Slc25a1",0.857172794841067
"1003","0.693985299952736",-0.153178165585883,"Rab2a",0.853488591295545
"1004","0.689931812381505",-0.155291358646203,"Anp32a",0.852016856956947
"1005","0.6891397059197",-0.155704718963219,"Pdcd6",0.851793798000126
"1006","0.687892080441634",-0.156356068370197,"Aldh8a1",0.851763260493508
"1007","0.68543225853546",-0.157641268929451,"Gstm7",0.849472541049729
"1008","0.68239634322629",-0.15922930926685,"Kpna1",0.847973332840519
"1009","0.676952049401542",-0.16208231934739,"Twf1",0.844645276452392
"1010","0.673432816873799",-0.163930130077946,"Atad1",0.842093279986716
"1011","0.67013972846657",-0.165661809286907,"Vim",0.839482591505335
"1012","0.66848039556922",-0.166535340716718,"Adsl",0.8381576876939
"1013","0.665170538308911",-0.168279724339864,"Fabp5",0.834759062940823
"1014","0.664166409214028",-0.168809447352874,"Atp6v1h",0.834759062940823
"1015","0.663873963662203",-0.168963771278862,"Strap",0.834759062940823
"1016","0.659902752543446",-0.171061446053849,"Ywhaz",0.834160194458276
"1017","0.657405970590681",-0.172382281863771,"Pdhx",0.833550869677754
"1018","0.656787776525222",-0.172709554982356,"Eno3",0.833550869677754
"1019","0.654707985633587",-0.173811301792836,"Hnrnpc",0.832884222819714
"1020","0.654166980700091",-0.174098071397395,"Cisd1",0.832884222819714
"1021","0.650633193698437",-0.175973044178167,"Arfgap2",0.82997439452557
"1022","0.649500987721089",-0.17657444925917,"Fahd1",0.82997439452557
"1023","0.649383996978225",-0.176636611164838,"Cbr1",0.82997439452557
"1024","0.645928854597956",-0.178474063586358,"Vcl",0.827763472359662
"1025","0.640076750592807",-0.181593360555711,"Nsdhl",0.82481675631432
"1026","0.639542344770104",-0.18187866354081,"Acsm3",0.82481675631432
"1027","0.637828201244253",-0.182794310115784,"Bcap31",0.82481675631432
"1028","0.637184438565183",-0.183138394425002,"Sec24c",0.82481675631432
"1029","0.636090974505077",-0.183723096669511,"Suox",0.824255560451695
"1030","0.634561831080378",-0.184541313141342,"Pklr",0.823039693384513
"1031","0.631450267938062",-0.186208233732396,"Fmo5",0.821298060912904
"1032","0.630378031787439",-0.186783270136814,"Hnrnpf",0.8206697180186
"1033","0.629785805934259",-0.187101015899016,"Lap3",0.8206697180186
"1034","0.629739843810504",-0.187125679957138,"Prkaca",0.8206697180186
"1035","0.629709487944752",-0.187141969754925,"Tmem19",0.8206697180186
"1036","0.621400334319311",-0.19161067715433,"Tln1",0.815844171259944
"1037","0.620160246005427",-0.192279297673026,"U2af2",0.814984172344868
"1038","0.619823662662513",-0.192460850846505,"Hnrnpab",0.814984172344868
"1039","0.616925101623343",-0.194025703963303,"Ak3",0.814575039394613
"1040","0.616153233356645",-0.194442829994195,"Selenbp1",0.814575039394613
"1041","0.615865356054182",-0.194598447029803,"Pbld2",0.814575039394613
"1042","0.615077495971289",-0.195024463704114,"Sod2",0.814575039394613
"1043","0.61353477955883",-0.195859184646744,"Ssb",0.814575039394613
"1044","0.613000745760094",-0.196148300719115,"Atp1a1",0.814575039394613
"1045","0.61265612754161",-0.196334915944439,"Nucb1",0.814575039394613
"1046","0.607923801499617",-0.198901150719926,"Ces1f",0.812704275901119
"1047","0.604892995546507",-0.200548272563321,"Bag3",0.810155964152263
"1048","0.603920235448573",-0.201077528995893,"Naca",0.809683241559059
"1049","0.602215521720304",-0.202005733514018,"Atad3a",0.809663420842544
"1050","0.601027762593867",-0.202652996336318,"Lonp1",0.809663420842544
"1051","0.598431276121114",-0.204069483027176,"Actn4",0.806984286192364
"1052","0.598247968711216",-0.204169565101337,"Alb",0.806984286192364
"1053","0.598046105337975",-0.204279790696173,"Cacybp",0.806984286192364
"1054","0.59726160148618",-0.204708284710958,"Got2",0.806984286192364
"1055","0.58994181178358",-0.208715877297339,"Haao",0.800963882860163
"1056","0.588898233955789",-0.209288658667855,"Rpl11",0.800327063317477
"1057","0.5873995504762",-0.210111859576128,"Acadl",0.79985100079506
"1058","0.583314712500045",-0.212359388746164,"Saa1",0.795202474334762
"1059","0.578838125157782",-0.214828933706191,"Psmd1",0.791852947179302
"1060","0.578729167287171",-0.214889126526214,"Eif1",0.791852947179302
"1061","0.577703608778642",-0.215455887592072,"Eif3i",0.791852947179302
"1062","0.577317615912931",-0.215669295310892,"Fkbp4",0.791852947179302
"1063","0.577150537794239",-0.215761685425619,"Rps4x",0.791852947179302
"1064","0.577142683558758",-0.215766028863471,"Txnrd1",0.791852947179302
"1065","0.568854074447206",-0.220361710212438,"Parva",0.786124727881903
"1066","0.568031678834436",-0.220819020984682,"Spcs1",0.785767754336017
"1067","0.564348595375864",-0.222870069795676,"Hp1bp3",0.781448899958826
"1068","0.560252306489143",-0.225157037272973,"Tubb5",0.77887371550836
"1069","0.553929617353822",-0.228699255002322,"Rpl27",0.773945794356945
"1070","0.551083989269977",-0.230298425208849,"Akr1d1",0.772559659477362
"1071","0.549429342840641",-0.231229724451917,"C1qbp",0.772490493692649
"1072","0.54645615244089",-0.232905821319728,"Rab18",0.770458927479919
"1073","0.545242443254634",-0.233591027795983,"Pipox",0.770458927479919
"1074","0.540861332772551",-0.236069259454972,"Apob",0.76879575158384
"1075","0.538601449007994",-0.237350593830031,"Aspdh",0.767149098638175
"1076","0.535509573170134",-0.239107014594481,"Atp1b3",0.7639420500831
"1077","0.532898468820246",-0.24059337213798,"Pitrm1",0.762926584857762
"1078","0.532483997471865",-0.24082956693438,"Slc38a3",0.762926584857762
"1079","0.532087597402958",-0.241055530185733,"Kif13b",0.762926584857762
"1080","0.527670259163625",-0.243578029164742,"Ddx1",0.760039252039209
"1081","0.527365252100282",-0.243752505255479,"Glud1",0.760039252039209
"1082","0.527064488683786",-0.243924592446767,"Pdlim5",0.760039252039209
"1083","0.520995465247628",-0.247405366567578,"Fis1",0.756774434921737
"1084","0.517889711910879",-0.249192791351363,"Csnk2a1",0.753212688032784
"1085","0.515625137932397",-0.250498779042597,"Qdpr",0.752130207977952
"1086","0.508137303780356",-0.254833414100761,"Surf4",0.745089751753722
"1087","0.505721619914962",-0.256237286334079,"Khsrp",0.74255970353999
"1088","0.503995521421394",-0.257242063732302,"Ufc1",0.74214139676533
"1089","0.50380575299815",-0.257352614409682,"Nars",0.74214139676533
"1090","0.502234130435092",-0.258268820752171,"Mccc1",0.741114559000088
"1091","0.498909811374257",-0.260210634791043,"Itih2",0.736989784988696
"1092","0.496421686602443",-0.261667456269104,"C4b",0.734092791334611
"1093","0.493983604665231",-0.263097874407186,"Gspt1",0.731263720827489
"1094","0.49233619975531",-0.264066042431444,"Rpl13a",0.73115599814408
"1095","0.489437398087707",-0.265772887589178,"Anxa7",0.728404161897624
"1096","0.480553376732954",-0.271030126101788,"Taldo1",0.721347902789876
"1097","0.477829958892065",-0.272649831814329,"Vwa5a",0.718808998635687
"1098","0.472434096296243",-0.275870410011673,"Opa1",0.713775158503977
"1099","0.469402720427539",-0.277686522251083,"Ifi47",0.710338382403693
"1100","0.464830563887258",-0.280435156767508,"Maoa",0.706349390718423
"1101","0.453332112869748",-0.287399210229492,"Ap2b1",0.6970106327015
"1102","0.452343076391224",-0.288001753808782,"Pdcd6ip",0.6970106327015
"1103","0.447557084034452",-0.290925596600248,"Irgm1",0.691950075538282
"1104","0.447286294461476",-0.291091431725212,"Tuba1c",0.691950075538282
"1105","0.447221835560644",-0.291130913654573,"Eef2",0.691950075538282
"1106","0.447181838569527",-0.291155413587182,"Tpm4",0.691950075538282
"1107","0.446537192741619",-0.291550419600121,"Gadd45gip1",0.691950075538282
"1108","0.446508202721638",-0.291568189041715,"Dhtkd1",0.691950075538282
"1109","0.443183135842211",-0.293609644277665,"Blvra",0.691950075538282
"1110","0.440387713214552",-0.295331113102891,"Atp5d",0.690833428499855
"1111","0.433874783956425",-0.299360639122746,"Srp72",0.684470638789694
"1112","0.433689066654766",-0.299475932094992,"G3bp1",0.684470638789694
"1113","0.433153671982659",-0.299808426621643,"Rtn4ip1",0.684470638789694
"1114","0.430378943555582",-0.301534536538281,"Rps17",0.682681884094254
"1115","0.428905542846085",-0.302453123681896,"Kars",0.68203815203721
"1116","0.427691535693776",-0.303211049309203,"Usp5",0.680884924824491
"1117","0.424391480292651",-0.305276199452751,"Drg1",0.678327862759241
"1118","0.424251737194731",-0.305363807862853,"Npm1",0.678327862759241
"1119","0.420624853907337",-0.30764213624601,"Dhx9",0.675035047802904
"1120","0.419311082846604",-0.308469594942709,"Ap3b1",0.673702812462883
"1121","0.4167572043138",-0.310081467057468,"Col1a2",0.67139740863024
"1122","0.413432073171445",-0.312186818058181,"Agxt2",0.671068691332382
"1123","0.41060620272564",-0.3139820987294,"Pm20d1",0.667414749587884
"1124","0.409335776289308",-0.314791033288375,"Ndufs2",0.666127028470801
"1125","0.403310062557246",-0.318643571657831,"H6pd",0.657858216794196
"1126","0.396973678482935",-0.322723336865227,"Gfm1",0.651043484627053
"1127","0.39625077337345",-0.323190691190513,"Sec24d",0.650916659562755
"1128","0.393047939163207",-0.325266070772558,"Abce1",0.648474588678915
"1129","0.392970241196758",-0.32531651487542,"Galm",0.648474588678915
"1130","0.388126667107786",-0.328470334158698,"Ndufb6",0.646723023063572
"1131","0.387932301236636",-0.328597274014786,"Rpl7",0.646723023063572
"1132","0.384620209962908",-0.3307649787065,"Sf3b2",0.646723023063572
"1133","0.384312349815164",-0.330966910526808,"Cndp2",0.646723023063572
"1134","0.383189008851048",-0.331704376858211,"Rab7",0.646723023063572
"1135","0.382148344061952",-0.332388472287816,"Gstk1",0.646723023063572
"1136","0.381912485227575",-0.332543638899203,"Gmps",0.646723023063572
"1137","0.381751065167639",-0.332649859740246,"Plaa",0.646723023063572
"1138","0.381695031216211",-0.332686737250283,"Pcyox1",0.646723023063572
"1139","0.377613096599813",-0.335380060765298,"Fam136a",0.646723023063572
"1140","0.377124779697708",-0.33570317689406,"Fabp2",0.646723023063572
"1141","0.373955393598684",-0.337805164430889,"Rpl19",0.64482603798405
"1142","0.372943410900976",-0.338478102579242,"Bhmt",0.64482603798405
"1143","0.372372589881797",-0.338858063459047,"Tagln2",0.64482603798405
"1144","0.370077118827666",-0.340388819201796,"Mavs",0.643260850299876
"1145","0.369519705609533",-0.340761215945524,"Ssr1",0.643260850299876
"1146","0.369217001966137",-0.340963558296333,"Apoa4",0.643260850299876
"1147","0.367519047989154",-0.342100024280667,"Pter",0.64235135991078
"1148","0.367442003996652",-0.342151650284678,"Steap4",0.64235135991078
"1149","0.360771842362685",-0.346641024013376,"Ndufa2",0.637760376156371
"1150","0.360591821287756",-0.346762736760134,"Osbp",0.637760376156371
"1151","0.356413695583001",-0.34959583978444,"Tmed10",0.631789089246159
"1152","0.35450753625216",-0.350893686713595,"Sf3a1",0.629883926019463
"1153","0.347092673126435",-0.355974694573005,"Clpp",0.620938748398774
"1154","0.345850782651465",-0.356830837254111,"Hnrnpd",0.620837809579241
"1155","0.344577458031343",-0.357710208967979,"Dnajc7",0.619350192306659
"1156","0.344003324783195",-0.358107230656805,"Dbi",0.619117094861745
"1157","0.342613541491447",-0.359069629927874,"Scpep1",0.617413535960654
"1158","0.342072485798078",-0.359444817511272,"Actr2",0.617413535960654
"1159","0.340294538143663",-0.360679762754871,"Hprt",0.616424306416284
"1160","0.339544510264187",-0.361201673735083,"Ndufb7",0.615866540101579
"1161","0.330200302331804",-0.367752121511843,"Paics",0.603633886021264
"1162","0.326604703665452",-0.370297089199982,"Sri",0.599420753894565
"1163","0.326231240071876",-0.370562223337005,"Eif3e",0.599420753894565
"1164","0.32579582865609",-0.370871527027921,"Ndufa8",0.599420753894565
"1165","0.325721140870569",-0.370924603741109,"Eif3c",0.599420753894565
"1166","0.325582836562279",-0.371022905398507,"Mrpl40",0.599420753894565
"1167","0.323979014653394",-0.372164366250934,"Acsl1",0.599339664558005
"1168","0.320464542097481",-0.374675562318835,"Scarb2",0.595209476189055
"1169","0.318932479308641",-0.375774575974234,"Acnat1",0.593154797966538
"1170","0.318041021387918",-0.376415274153788,"Mup20",0.592287624055307
"1171","0.311921725266521",-0.380837837638626,"Mlec",0.586379167741247
"1172","0.311830293062858",-0.380904247639768,"Sephs1",0.586379167741247
"1173","0.309193511178854",-0.382823671571294,"Mycbp",0.584405103218648
"1174","0.306095367875521",-0.385089553232278,"Tardbp",0.579958459860586
"1175","0.305830098124764",-0.385284102158587,"Idh3b",0.579958459860586
"1176","0.296160392506022",-0.392435443591709,"Prkag1",0.567577597284554
"1177","0.293721972761808",-0.394257571821341,"Ces2a",0.5651308122337
"1178","0.287193495286703",-0.399174663225192,"Flna",0.556412432453932
"1179","0.286534016276034",-0.399674557647335,"Kif5b",0.555907917371191
"1180","0.285252133386016",-0.400647947613707,"Uchl5",0.55496679023285
"1181","0.28337428998535",-0.402077973229907,"Uqcrc1",0.552976661703823
"1182","0.282873080358459",-0.402460486728581,"Tubb6",0.552976661703823
"1183","0.281494762182915",-0.403514209118446,"Ywhaq",0.552284793972959
"1184","0.281153575834385",-0.403775458941141,"Map4",0.552284793972959
"1185","0.280955559772861",-0.40392715735931,"Ndufa4",0.552284793972959
"1186","0.277778839350388",-0.406368459139297,"Serpinc1",0.549597420686294
"1187","0.277499330811478",-0.406583954871076,"Eef1g",0.549597420686294
"1188","0.273516207957601",-0.409667261003677,"Echdc3",0.545856844820828
"1189","0.273503730804372",-0.409676956206133,"Aldh16a1",0.545856844820828
"1190","0.271387381855416",-0.411324799780415,"Hnrnph2",0.543546545024931
"1191","0.266608308766192",-0.415070883564812,"Ube2l3",0.535909630752245
"1192","0.266449515971873",-0.415195957037235,"Lifr",0.535909630752245
"1193","0.266253033507136",-0.415350771193491,"Nipsnap3b",0.535909630752245
"1194","0.263431118763554",-0.417580915765793,"Hdlbp",0.534926455448441
"1195","0.262815576778172",-0.41806904758107,"Rpl31",0.534455618178093
"1196","0.260857937879369",-0.419625506852832,"Pgm1",0.532808075463286
"1197","0.260468705957843",-0.419935708895496,"Bpnt1",0.532794283993062
"1198","0.259698484510937",-0.420550268290323,"Galk1",0.531999983711375
"1199","0.259338765750966",-0.420837618484158,"Snx5",0.531999983711375
"1200","0.258783771616251",-0.421281373024567,"Srpr",0.531689961447548
"1201","0.256630828368322",-0.423007588997443,"Idh1",0.528045411989767
"1202","0.255876912736337",-0.423613890558011,"Tubb2a",0.527750801218188
"1203","0.255616235806783",-0.423823748708012,"Lamp2",0.527750801218188
"1204","0.25551975824913",-0.423901446883233,"Fads2",0.527750801218188
"1205","0.251625700481836",-0.427050663300399,"Hadhb",0.525487607835928
"1206","0.251463437718786",-0.427182450878702,"Snd1",0.525487607835928
"1207","0.24891517177563",-0.429258104799194,"Acad9",0.523774674144188
"1208","0.244628112114224",-0.432775892684656,"Gpt2",0.521050397821275
"1209","0.2440348564531",-0.433265291039186,"Msra",0.520582779539308
"1210","0.243610950524118",-0.433615378221212,"Rps19",0.520475543067632
"1211","0.243090919354173",-0.434045298947329,"Mthfd1",0.520162289800865
"1212","0.239452808564204",-0.437066946222771,"Mtch2",0.51474963322521
"1213","0.239260257118803",-0.437227557684113,"Rps27",0.51474963322521
"1214","0.235655058758596",-0.440247721812978,"Aco2",0.508301711489807
"1215","0.233869687303745",-0.441752627528382,"Gnb2",0.505870301885274
"1216","0.232288094909666",-0.443090976488439,"Arcn1",0.505048709894865
"1217","0.231387108177192",-0.443855606608671,"Arpc2",0.505048709894865
"1218","0.230750790181929",-0.444396598324987,"Fggy",0.505048709894865
"1219","0.230610576363244",-0.444515915806777,"Pgrmc1",0.505048709894865
"1220","0.228098051563552",-0.446660721150723,"Atic",0.502754091500044
"1221","0.226120259141412",-0.448358124288994,"Cyp7b1",0.500771893456259
"1222","0.225775283112647",-0.448655021961111,"Preb",0.500771893456259
"1223","0.222878194346134",-0.451158194164867,"Retsat",0.498660625629673
"1224","0.221974367024274",-0.45194276718608,"Rnh1",0.497923177560086
"1225","0.220905990751619",-0.45287243832122,"Arf4",0.497210542012485
"1226","0.220681358871835",-0.453068220077086,"Mapk3",0.497210542012485
"1227","0.213819022302847",-0.459102827755389,"Ndufs1",0.485200042309981
"1228","0.212606952121282",-0.460179731626727,"Ndufb3",0.484369662570299
"1229","0.204565843143793",-0.467411759285635,"Rai14",0.472570844940802
"1230","0.20112971819568",-0.470550268752713,"Pa2g4",0.468274844764078
"1231","0.199834192648503",-0.471741337208518,"Prpf8",0.467242117260102
"1232","0.199184175916103",-0.472340567995654,"Ptbp1",0.467242117260102
"1233","0.197995374178747",-0.473439321702797,"Ap1g1",0.466679452167504
"1234","0.195669103413851",-0.475600112433035,"Acsl5",0.461978069585584
"1235","0.195546830350053",-0.475714084541501,"Srsf2",0.461978069585584
"1236","0.194529818696513",-0.476663604690747,"Trim25",0.460850403816739
"1237","0.193514060572877",-0.477614738042239,"Rplp1",0.460795019449603
"1238","0.188545000811257",-0.482308594686362,"Btf3l4",0.457450244000712
"1239","0.188280307494102",-0.482560571690054,"Rpl5",0.457450244000712
"1240","0.186940146628803",-0.483839426647889,"Aldh1a7",0.457450244000712
"1241","0.18668090844341",-0.484087402650547,"Sar1a",0.457450244000712
"1242","0.185255534105527",-0.485454341969271,"Rab14",0.457450244000712
"1243","0.183118257744086",-0.487515190770786,"Ddc",0.45388564597422
"1244","0.180009614749343",-0.490537148170624,"Fdps",0.449286938124673
"1245","0.175996288427701",-0.494482743329341,"Reep5",0.444135561195267
"1246","0.175902968961523",-0.494575094105993,"Gc",0.444135561195267
"1247","0.175708367360723",-0.49476776554536,"Hnrnpul2",0.444135561195267
"1248","0.175663033425413",-0.494812667300991,"Sec11a",0.444135561195267
"1249","0.170863719912885",-0.499604188670679,"Prdx2",0.43752419455634
"1250","0.170662632462662",-0.499806618936408,"Serpinf2",0.43752419455634
"1251","0.169172885507475",-0.501310587158472,"Mrc1",0.435596727378766
"1252","0.163204999502542",-0.507412943871545,"Ptges3",0.427339406592182
"1253","0.162861733064498",-0.50776781978879,"Scrn2",0.427339406592182
"1254","0.161795200876986",-0.508873181768759,"Eif1ax",0.427299039008838
"1255","0.159638039663764",-0.511121802164892,"Arpc1b",0.425013071412894
"1256","0.159288485103118",-0.511487826157527,"Ggcx",0.425013071412894
"1257","0.158994427794623",-0.511796097871739,"Capza1",0.425013071412894
"1258","0.158218213461876",-0.512611420780156,"Ddb1",0.425013071412894
"1259","0.157357560505052",-0.513518147025282,"Atp6v1b2",0.425013071412894
"1260","0.15380645001293",-0.517290075674044,"Adh5",0.42258853031166
"1261","0.150947149253391",-0.520364089709276,"Mttp",0.418863304601541
"1262","0.150707533790625",-0.520623231419474,"Myo1b",0.418863304601541
"1263","0.150699391646674",-0.520632041279227,"Rps10",0.418863304601541
"1264","0.148153670265264",-0.523400253858547,"Rps16",0.417471876794728
"1265","0.143746161578981",-0.528259420903867,"Canx",0.414572263104597
"1266","0.142242843501098",-0.529936703269206,"Rps7",0.411942372135197
"1267","0.141044475178418",-0.53128120868607,"Nags",0.409322820674034
"1268","0.140545761646305",-0.531842714465859,"Atl2",0.40872702708414
"1269","0.140356725269476",-0.532055857935522,"H2-K1",0.40872702708414
"1270","0.137565077602863",-0.535223366712562,"Cd302",0.401736170022617
"1271","0.134830809723624",-0.538362678924215,"Copb2",0.397922283781797
"1272","0.133817527128616",-0.539535596999167,"Utrn",0.396612372957792
"1273","0.133211738419157",-0.540239330838726,"G3bp2",0.396504170123687
"1274","0.12924056580322",-0.544900165862064,"H1f0",0.387165824008356
"1275","0.126611582360655",-0.548032603859646,"Etfdh",0.38175310439046
"1276","0.124119397637384",-0.551037947532635,"Uso1",0.37952414392114
"1277","0.123818764708799",-0.55140290306187,"Psmd6",0.37952414392114
"1278","0.122599346465805",-0.552888666119375,"Ctnnd1",0.377833826608111
"1279","0.122094222345421",-0.553506700469686,"Acta1",0.377111422898385
"1280","0.120470598366245",-0.555503654638835,"Glyat",0.375218008525068
"1281","0.11862592590869",-0.557792102310964,"Hspa4",0.370506535405393
"1282","0.117440908342317",-0.559273455354381,"Ehd1",0.367629629934489
"1283","0.117249404131126",-0.559513687877534,"Grpel1",0.367629629934489
"1284","0.116797128739164",-0.56008197998084,"Cyp2d26",0.367629629934489
"1285","0.116226756836752",-0.5608005467687,"Hmgcs2",0.367629629934489
"1286","0.115930894566376",-0.561174113676,"Clpx",0.367629629934489
"1287","0.11565854922206",-0.561518493155998,"Tmx2",0.367629629934489
"1288","0.1132702136744",-0.564559613653234,"Sec23a",0.365243999186202
"1289","0.112885367644037",-0.565053240943625,"Dbt",0.364847603545577
"1290","0.110694490710527",-0.567882878608225,"Rps18",0.359434558414369
"1291","0.110494890633079",-0.568142343768369,"Ruvbl2",0.359434558414369
"1292","0.110138220464464",-0.568606692794655,"Ptgr2",0.359434558414369
"1293","0.107823630986477",-0.571642340672391,"Ssr3",0.3534078069745
"1294","0.107492483378897",-0.57207985710441,"Acss2",0.353153371100952
"1295","0.106806329184805",-0.572989012918405,"Phb",0.351728644336722
"1296","0.106410547544827",-0.573515031515681,"Pitpnb",0.351255669976171
"1297","0.104500398168367",-0.576070536311232,"Cp",0.349086461986895
"1298","0.103217046963945",-0.577803409162987,"Kng1",0.345628236588402
"1299","0.103101590663276",-0.577959945779824,"Ybx1",0.345628236588402
"1300","0.0988228652962",-0.583837878324918,"Oplah",0.335060304601549
"1301","0.098150609849304",-0.584775382733375,"Caprin1",0.335060304601549
"1302","0.0971519656596733",-0.586175311317705,"Chmp2b",0.33333174424612
"1303","0.0960179869166416",-0.587775641040613,"Ap1b1",0.330254458703412
"1304","0.0944340708531087",-0.590030386078062,"Cbr4",0.326418512899207
"1305","0.0937798162827061",-0.590968480438605,"Pfn1",0.325773775765111
"1306","0.0902200903384334",-0.596144126695529,"Lsr",0.317365115761206
"1307","0.0864857908709294",-0.60171016533332,"Ppif",0.308909504315909
"1308","0.0861601724566647",-0.602202460202459,"Dsp",0.308537584144303
"1309","0.085073769730093",-0.603853310811607,"Myl6",0.305432374314483
"1310","0.0847786611707181",-0.604303987642643,"Hnrnpm",0.305432374314483
"1311","0.08182909925018",-0.608862625694852,"Ranbp2",0.298704183207652
"1312","0.0779195321435263",-0.615064526949479,"Hsdl2",0.287909571023693
"1313","0.0767708975342452",-0.616923215885286,"Eif4g1",0.287478118992483
"1314","0.0765032945652155",-0.61735872160514,"Prps1",0.2873540497095
"1315","0.072999492673548",-0.623150550699567,"Eefsec",0.281685022975768
"1316","0.072318016933734",-0.624297047519714,"Immt",0.280024140874388
"1317","0.0715978353824879",-0.625516014581924,"Cpt1a",0.280024140874388
"1318","0.070779346840416",-0.626910708758609,"Dync1h1",0.278518729233614
"1319","0.0705880372180796",-0.627238149519188,"Asph",0.278518729233614
"1320","0.069503396901597",-0.629105167254581,"Uqcrq",0.27583541847272
"1321","0.0688648959080719",-0.630212772217651,"Car2",0.274082285714126
"1322","0.0671338925754874",-0.633248277717566,"Eif5a",0.270281827623277
"1323","0.0666788763862216",-0.634054327026491,"Spcs2",0.269228042915961
"1324","0.0653785651495636",-0.636377001369568,"Ncl",0.265517029893126
"1325","0.0617948759624478",-0.642932644172137,"Dpm1",0.257725335975119
"1326","0.061049611926599",-0.644325848892159,"Rps13",0.255381709951208
"1327","0.0600409006581658",-0.646228748646234,"Cyp4a14",0.252679681621828
"1328","0.059793801677202",-0.646697966529931,"Ctsl",0.252679681621828
"1329","0.0586398877230369",-0.648905524112194,"Decr1",0.251339580302124
"1330","0.0585171261702533",-0.649141991187523,"Ndrg2",0.251339580302124
"1331","0.0553057448941742",-0.65544287528468,"Aifm1",0.242266989426367
"1332","0.054912405443791",-0.656230432313672,"M6pr",0.241302778495902
"1333","0.0495626865181702",-0.667317770174678,"Eef1d",0.224158514025361
"1334","0.0490090430591876",-0.668508014971558,"Lrp1",0.22383474420147
"1335","0.0486097153358646",-0.669371849226303,"Hnrnpa3",0.222741228496248
"1336","0.0479381699409228",-0.67083484011207,"Mogs",0.220966264732012
"1337","0.0467795671278076",-0.673390051666477,"Idh3a",0.219311939821644
"1338","0.0453219027618827",-0.676663088238478,"Aldh9a1",0.213288549146293
"1339","0.0444671694076842",-0.678613810984534,"Cat",0.20997548130476
"1340","0.0439926938158241",-0.679707095586049,"Psma1",0.208441573079738
"1341","0.0436620490503793",-0.680473452783566,"Asgr1",0.208291898380748
"1342","0.0420891552875686",-0.684171101606257,"Serpinb6a",0.203111248776159
"1343","0.0410001196840575",-0.686783702512948,"Rpn1",0.20110269971793
"1344","0.0405538762538798",-0.687867162478813,"Pccb",0.200159189107715
"1345","0.0364585404269097",-0.698190538287425,"Rps24",0.187404969795886
"1346","0.0342215345691593",-0.704149845882085,"Mug1",0.178541564250333
"1347","0.032536307680299",-0.708808611518699,"Eea1",0.172988841979605
"1348","0.0320994570039347",-0.710041807930909,"Psmd14",0.171320090446287
"1349","0.0319596467809831",-0.710438790069214,"Erp44",0.171320090446287
"1350","0.0311937370615452",-0.712633881158778,"Eif3b",0.17040343422248
"1351","0.029824020250758",-0.716648862807098,"Timm44",0.166846828149823
"1352","0.0255952678529562",-0.729862910708247,"Sfxn2",0.149807597139361
"1353","0.0255364565236918",-0.730056450108172,"Scp2",0.149807597139361
"1354","0.0252164023456847",-0.731114870869636,"Lman2",0.148840883337029
"1355","0.0245304379837331",-0.733413492044683,"Lypla1",0.14728836254888
"1356","0.0242655879099493",-0.734312304660536,"Pgam1",0.14661964063377
"1357","0.0218300600962704",-0.742898089770745,"Sfn",0.137313283061757
"1358","0.0214739302674925",-0.744205739571584,"Cct5",0.136716191211512
"1359","0.0210851444445807",-0.745649773925649,"Aadat",0.135761058583797
"1360","0.0205007051221807",-0.747854034987714,"Sardh",0.133446178669148
"1361","0.0183031106332133",-0.756536468213649,"Ppp1r7",0.125597207448602
"1362","0.0180049359062635",-0.757766960796777,"Acot4",0.124857510643238
"1363","0.0172015461076408",-0.761151257386236,"Ehhadh",0.123514194473936
"1364","0.0160705623650355",-0.766098804426366,"Kpnb1",0.1159911573808
"1365","0.0146048285679658",-0.772869321869093,"Mfn2",0.107353169843504
"1366","0.0140602833980476",-0.775500306745724,"Ldha",0.105870133910704
"1367","0.0140374673911012",-0.775612019892057,"Soat2",0.105870133910704
"1368","0.013766015996418",-0.776950541447031,"Cttn",0.105362968587969
"1369","0.0127954099123255",-0.781886535708309,"Qars",0.0990222555992746
"1370","0.0127371351495848",-0.782190770463412,"Aldh1b1",0.0990222555992746
"1371","0.0125972176508428",-0.78292507016624,"Eftud2",0.0985838437506967
"1372","0.00970707529122582",-0.799501728496596,"Rab1b",0.0829567845440342
"1373","0.00954057735522565",-0.800553093650834,"Hspd1",0.0820371867643786
"1374","0.00921115419114955",-0.802670362757865,"Hspe1",0.0806989798004486
"1375","0.00879573324289689",-0.805414640196012,"F2",0.0780411236137284
"1376","0.00776135218799446",-0.812651924032182,"Ostf1",0.0720770906525086
"1377","0.00685869408334251",-0.819523569252446,"Tfam",0.0649942915516743
"1378","0.00641454066968573",-0.823132448888278,"Gsta4",0.0629435925319503
"1379","0.00530790007548543",-0.832932960181671,"Rnpep",0.0547696652233422
"1380","0.00524882531665172",-0.8334939256426,"Txndc5",0.0545642810902675
"1381","0.00478719934534918",-0.838033429365636,"Ugt2a3",0.0505194597581167
"1382","0.00464439955995912",-0.839498080557256,"Pycrl",0.0500590102314963
"1383","0.00446797360582636",-0.841350822573096,"Atp5l",0.0488470399060626
"1384","0.00275657561164061",-0.862659670094415,"Gpd1",0.0365705697810988
"1385","0.0025248401613951",-0.866200907152232,"Cyp2a4",0.0351924127340201
"1386","0.00234781203703945",-0.869060418659714,"Tecr",0.0333724710979179
"1387","0.00202201157307541",-0.874738951443076,"Ppa2",0.0299644906520643
"1388","0.00189157350592582",-0.87719043225019,"Pdhb",0.0283329235887599
"1389","0.00132414535357997",-0.889482436299352,"Hacl1",0.0245937930338253
"1390","0.00073478659074207",-0.907071047081622,"Dmgdh",0.0167796347689132
"1391","0.000434807582352444",-0.920310894395366,"Prdx4",0.0125646685608982
"1392","0.000407158444000112",-0.921826725912967,"Nat2",0.0125646685608982
"1393","5.32301712118173e-05",-0.956719057083036,"Ephx2",0.00617913570817179
